Player,Nation,Pos,Squad,Age,Born,MP,Starts,Min,90s,Gls,Ast,G+A,G-PK,PK,PKatt,CrdY,CrdR,xG,npxG,xAG,npxG+xAG,PrgC,PrgP,PrgR,G+A-PK,xG+xAG,Matches
Harry Kane,eng ENG,FW,Bayern Munich,31-260,1993,27,25,2113,23.5,23,8,31,14,9,9,4,0,18.3,11.3,4.3,15.5,25,81,128,0.94,0.96,Matches
Patrik Schick,cz CZE,FW,Leverkusen,29-080,1996,26,15,1344,14.9,17,0,17,17,0,0,4,0,10.6,10.6,0.6,11.2,5,17,92,1.14,0.75,Matches
Tim Kleindienst,de GER,FW,Gladbach,29-226,1995,27,27,2377,26.4,15,5,20,14,1,2,5,1,13.1,11.4,5.2,16.6,40,55,131,0.72,0.69,Matches
Omar Marmoush,eg EGY,FW,Eint Frankfurt,26-066,1999,17,17,1448,16.1,15,9,24,13,2,2,2,0,8.8,7.3,6.2,13.5,73,50,125,1.37,0.94,Matches
Serhou Guirassy,gn GUI,FW,Dortmund,29-033,1996,25,24,2163,24.0,15,2,17,13,2,2,3,0,17.8,16.2,3.7,19.9,16,29,106,0.62,0.89,Matches
Jonathan Burkardt,de GER,FW,Mainz 05,24-277,2000,24,23,1665,18.5,15,2,17,14,1,1,0,0,12.3,11.5,2.7,14.1,25,36,127,0.86,0.81,Matches
Hugo Ekitike,fr FRA,FW,Eint Frankfurt,22-298,2002,28,26,2125,23.6,14,5,19,13,1,3,1,0,19.5,17.2,5.2,22.4,78,43,181,0.76,1.05,Matches
Ermedin Demirović,ba BIH,FW,Stuttgart,27-020,1998,29,18,1620,18.0,13,0,13,13,0,2,2,0,11.6,9.9,1.4,11.3,18,27,98,0.72,0.72,Matches
Jamal Musiala,de GER,MF,Bayern Munich,22-047,2003,25,21,1798,20.0,12,2,14,12,0,0,3,0,9.3,9.3,4.5,13.8,71,107,156,0.70,0.69,Matches
Benjamin Šeško,si SVN,"FW,MF",RB Leipzig,21-318,2003,28,26,2075,23.1,11,5,16,10,1,1,2,1,8.0,7.3,2.0,9.2,39,40,121,0.65,0.43,Matches
Andrej Kramarić,hr CRO,"MF,FW",Hoffenheim,33-299,1991,27,27,2327,25.9,10,5,15,7,3,3,3,0,10.1,7.8,3.7,11.4,64,120,174,0.46,0.53,Matches
Mohamed Amoura,dz ALG,FW,Wolfsburg,24-340,2000,26,25,2150,23.9,10,8,18,8,2,2,5,0,7.6,6.0,3.4,9.4,71,53,214,0.67,0.46,Matches
Alassane Pléa,fr FRA,"MF,FW",Gladbach,32-035,1993,26,21,1617,18.0,10,4,14,9,1,1,3,0,6.9,6.1,2.9,9.0,45,100,116,0.72,0.55,Matches
Florian Wirtz,de GER,"MF,FW",Leverkusen,21-346,2003,26,20,1910,21.2,9,10,19,7,2,4,2,0,8.5,5.2,6.0,11.2,104,139,252,0.80,0.68,Matches
Alexis Claude-Maurice,fr FRA,"MF,FW",Augsburg,26-312,1998,23,20,1722,19.1,9,2,11,9,0,0,4,0,3.5,3.5,1.1,4.6,49,46,81,0.57,0.24,Matches
Xavi Simons,nl NED,MF,RB Leipzig,21-358,2003,21,21,1805,20.1,9,4,13,9,0,0,5,0,3.9,3.9,5.6,9.5,65,122,147,0.65,0.47,Matches
Nick Woltemade,de GER,"FW,MF",Stuttgart,23-059,2002,24,14,1321,14.7,9,2,11,7,2,2,5,1,7.6,6.0,3.6,9.6,24,45,109,0.61,0.76,Matches
Leroy Sané,de GER,FW,Bayern Munich,29-093,1996,25,15,1378,15.3,9,4,13,9,0,0,2,0,8.8,8.8,4.5,13.3,59,47,226,0.85,0.87,Matches
Loïs Openda,be BEL,"FW,MF",RB Leipzig,25-057,2000,28,25,2152,23.9,9,5,14,9,0,1,5,1,8.8,8.0,3.0,11.0,52,43,199,0.59,0.49,Matches
Victor Boniface,ng NGA,FW,Leverkusen,24-112,2000,18,12,1006,11.2,8,1,9,8,0,1,2,0,7.8,7.1,1.1,8.1,26,23,60,0.81,0.80,Matches
Ritsu Doan,jp JPN,"FW,MF",Freiburg,26-302,1998,29,28,2431,27.0,8,7,15,8,0,0,1,0,6.1,6.1,3.0,9.0,57,99,158,0.56,0.33,Matches
Maximilian Beier,de GER,"FW,MF",Dortmund,22-179,2002,28,16,1557,17.3,8,5,13,8,0,0,2,0,7.7,7.7,3.3,11.0,23,33,123,0.75,0.64,Matches
Jamie Gittens,eng ENG,"FW,MF",Dortmund,20-249,2004,28,19,1633,18.1,8,3,11,8,0,0,3,0,3.5,3.5,2.5,6.0,106,37,161,0.61,0.33,Matches
Phil Harres,de GER,FW,Holstein Kiel,23-020,2002,21,17,1421,15.8,8,1,9,8,0,0,3,0,4.9,4.9,1.1,6.0,8,14,64,0.57,0.38,Matches
Michael Olise,fr FRA,FW,Bayern Munich,23-123,2001,29,23,1901,21.1,8,10,18,8,0,0,2,0,7.8,7.8,9.5,17.3,98,158,301,0.85,0.82,Matches
Benedict Hollerbach,de GER,"FW,MF",Union Berlin,23-332,2001,29,25,2108,23.4,8,1,9,8,0,0,2,0,6.1,6.1,1.4,7.5,85,55,171,0.38,0.32,Matches
Vincenzo Grifo,it ITA,"FW,MF",Freiburg,32-007,1993,29,26,2041,22.7,8,8,16,8,0,3,2,0,7.6,5.2,5.6,10.8,48,114,131,0.71,0.58,Matches
Paul Nebel,de GER,MF,Mainz 05,22-186,2002,27,22,1989,22.1,8,3,11,8,0,0,5,1,4.5,4.5,3.1,7.6,59,74,191,0.50,0.34,Matches
Jonas Wind,dk DEN,"FW,MF",Wolfsburg,26-066,1999,27,18,1705,18.9,8,3,11,7,1,2,2,0,5.1,3.3,4.0,7.3,15,83,77,0.53,0.48,Matches
Samuel Essende,cd COD,FW,Augsburg,27-081,1998,26,17,1434,15.9,7,2,9,7,0,0,4,1,3.3,3.3,1.2,4.5,31,16,110,0.56,0.28,Matches
Deniz Undav,de GER,"FW,MF",Stuttgart,28-269,1996,22,15,1276,14.2,7,1,8,7,0,0,3,0,9.2,9.2,1.6,10.8,28,47,100,0.56,0.76,Matches
Myron Boadu,nl NED,FW,Bochum,24-090,2001,14,8,677,7.5,7,1,8,6,1,1,1,0,5.6,4.8,0.6,5.4,6,10,40,0.93,0.83,Matches
Marvin Ducksch,de GER,FW,Werder Bremen,31-038,1994,27,25,2018,22.4,7,7,14,6,1,2,3,0,8.6,7.1,6.1,13.1,20,69,134,0.58,0.65,Matches
Jens Stage,dk DEN,MF,Werder Bremen,28-157,1996,23,21,1796,20.0,7,5,12,7,0,0,9,0,5.6,5.6,2.6,8.2,22,82,73,0.60,0.41,Matches
Marvin Pieringer,de GER,"FW,MF",Heidenheim,25-192,1999,26,21,1809,20.1,7,2,9,4,3,3,7,0,8.3,5.9,3.2,9.1,14,52,100,0.30,0.57,Matches
Shuto Machino,jp JPN,"FW,MF",Holstein Kiel,25-196,1999,27,18,1589,17.7,7,1,8,6,1,1,1,0,4.5,3.7,1.8,5.5,22,47,88,0.40,0.36,Matches
Nadiem Amiri,de GER,MF,Mainz 05,28-169,1996,25,25,2025,22.5,6,4,10,4,2,2,7,2,4.4,2.8,5.7,8.5,40,168,55,0.36,0.45,Matches
Serge Gnabry,de GER,"FW,MF",Bayern Munich,29-274,1995,22,9,897,10.0,6,3,9,6,0,1,0,0,6.7,5.9,4.1,10.0,39,39,125,0.90,1.09,Matches
Lee Jae-sung,kr KOR,MF,Mainz 05,32-247,1992,28,26,2246,25.0,6,5,11,6,0,0,4,0,3.9,3.9,4.6,8.4,24,94,137,0.44,0.34,Matches
Adam Hložek,cz CZE,"FW,MF",Hoffenheim,22-263,2002,22,18,1522,16.9,6,2,8,6,0,0,2,0,4.7,4.7,3.1,7.8,41,58,82,0.47,0.46,Matches
Tiago Tomás,pt POR,"FW,MF",Wolfsburg,22-302,2002,28,22,1772,19.7,6,1,7,6,0,0,6,0,5.3,5.3,2.4,7.7,31,46,119,0.36,0.39,Matches
Phillip Tietz,de GER,FW,Augsburg,27-279,1997,29,18,1518,16.9,6,2,8,5,1,1,4,0,5.2,4.4,1.1,5.4,7,27,97,0.42,0.37,Matches
Steven Skrzybski,de GER,"FW,MF",Holstein Kiel,32-147,1992,19,10,960,10.7,6,1,7,5,1,1,0,0,3.3,2.5,1.5,4.0,14,43,53,0.56,0.45,Matches
Marco Grüll,at AUT,"FW,MF",Werder Bremen,26-282,1998,25,12,1054,11.7,6,1,7,6,0,0,1,0,3.9,3.9,1.6,5.5,21,31,82,0.60,0.47,Matches
Lukas Kübler,de GER,DF,Freiburg,32-227,1992,23,21,1680,18.7,5,1,6,5,0,0,5,0,2.6,2.6,0.8,3.4,23,73,46,0.32,0.18,Matches
Morgan Guilavogui,gn GUI,"FW,MF",St. Pauli,27-035,1998,20,16,1383,15.4,5,1,6,5,0,0,6,0,5.8,5.8,1.8,7.7,30,32,103,0.39,0.50,Matches
Willi Orban,hu HUN,DF,RB Leipzig,32-162,1992,25,25,2222,24.7,5,0,5,5,0,0,4,2,4.0,4.0,1.0,5.0,15,106,8,0.20,0.20,Matches
Oliver Burke,sct SCO,FW,Werder Bremen,28-007,1997,21,6,650,7.2,5,0,5,5,0,0,4,0,3.5,3.5,0.9,4.4,11,15,59,0.69,0.61,Matches
Tom Bischof,de GER,"MF,FW",Hoffenheim,19-290,2005,27,26,2236,24.8,5,2,7,5,0,0,4,0,1.7,1.7,3.2,4.9,45,125,95,0.28,0.20,Matches
Jeremie Frimpong,nl NED,"DF,MF",Leverkusen,24-125,2000,29,22,2054,22.8,4,5,9,4,0,0,3,0,4.0,4.0,4.0,8.0,90,49,251,0.39,0.35,Matches
Can Uzun,tr TUR,"MF,FW",Eint Frankfurt,19-154,2005,18,6,628,7.0,4,1,5,4,0,0,1,0,2.7,2.7,1.1,3.8,9,41,40,0.72,0.54,Matches
Kingsley Coman,fr FRA,FW,Bayern Munich,28-305,1996,23,11,1049,11.7,4,4,8,4,0,0,0,0,3.8,3.8,3.2,6.9,55,41,179,0.69,0.59,Matches
Romano Schmid,at AUT,MF,Werder Bremen,25-077,2000,27,27,2403,26.7,4,4,8,4,0,0,3,0,3.2,3.2,5.4,8.6,92,236,172,0.30,0.32,Matches
Karim Adeyemi,de GER,"FW,MF",Dortmund,23-086,2002,20,14,1171,13.0,4,4,8,4,0,0,3,0,4.2,4.2,5.3,9.5,56,25,127,0.61,0.73,Matches
Leon Goretzka,de GER,MF,Bayern Munich,30-067,1995,22,12,1174,13.0,4,1,5,4,0,0,2,0,2.6,2.6,1.4,3.9,33,113,26,0.38,0.30,Matches
Raphaël Guerreiro,pt POR,"DF,MF",Bayern Munich,31-113,1993,20,16,1340,14.9,4,2,6,4,0,0,1,0,2.3,2.3,2.8,5.1,33,68,106,0.40,0.34,Matches
Robin Hack,de GER,FW,Gladbach,26-230,1998,28,23,1860,20.7,4,5,9,4,0,0,4,0,4.6,4.6,2.8,7.4,41,81,116,0.44,0.36,Matches
Armin Gigovic,ba BIH,MF,Holstein Kiel,23-008,2002,27,19,1566,17.4,4,1,5,4,0,0,4,0,1.6,1.6,1.5,3.1,34,40,42,0.29,0.18,Matches
Mitchell Weiser,de GER,"DF,MF",Werder Bremen,30-358,1994,27,27,2421,26.9,4,8,12,4,0,0,8,1,4.3,4.3,3.9,8.2,53,99,164,0.45,0.30,Matches
Alexander Bernhardsson,se SWE,"MF,DF",Holstein Kiel,26-218,1998,14,10,866,9.6,4,1,5,4,0,0,3,0,1.7,1.7,0.7,2.4,14,24,57,0.52,0.25,Matches
Marius Bülter,de GER,FW,Hoffenheim,32-016,1993,20,18,1345,14.9,4,1,5,4,0,0,4,0,3.1,3.1,2.6,5.6,43,25,124,0.33,0.38,Matches
Matúš Bero,sk SVK,MF,Bochum,29-220,1995,26,25,2250,25.0,4,2,6,4,0,0,10,0,2.9,2.9,3.5,6.5,23,121,94,0.24,0.26,Matches
Gift Orban,ng NGA,FW,Hoffenheim,22-271,2002,12,7,657,7.3,4,0,4,4,0,0,2,0,3.4,3.4,0.0,3.4,7,7,33,0.55,0.46,Matches
Enzo Millot,fr FRA,"MF,FW",Stuttgart,22-271,2002,26,20,1628,18.1,4,4,8,4,0,1,8,0,7.1,6.3,2.8,9.1,37,106,113,0.44,0.55,Matches
Mathias Honsak,at AUT,"FW,DF",Heidenheim,28-115,1996,18,11,1070,11.9,4,1,5,4,0,0,1,0,3.2,3.2,1.5,4.8,33,23,48,0.42,0.40,Matches
Mattias Svanberg,se SWE,MF,Wolfsburg,26-099,1999,19,14,1197,13.3,3,1,4,3,0,0,4,0,3.6,3.6,1.7,5.4,11,36,39,0.30,0.41,Matches
Aleix García,es ESP,MF,Leverkusen,27-290,1997,24,15,1291,14.3,3,3,6,3,0,0,2,0,0.9,0.9,4.7,5.6,23,109,46,0.42,0.39,Matches
Nelson Weiper,de GER,FW,Mainz 05,20-028,2005,18,6,600,6.7,3,0,3,3,0,0,2,0,3.4,3.4,0.7,4.1,10,9,55,0.45,0.61,Matches
Keven Schlotterbeck,de GER,DF,Augsburg,27-351,1997,18,15,1297,14.4,3,1,4,3,0,0,4,1,0.8,0.8,0.6,1.4,3,59,2,0.28,0.10,Matches
Johannes Eggestein,de GER,FW,St. Pauli,26-341,1998,25,22,1823,20.3,3,4,7,2,1,2,3,0,4.7,3.1,2.1,5.2,25,43,135,0.30,0.33,Matches
Donyell Malen,nl NED,"FW,MF",Dortmund,26-095,1999,14,6,614,6.8,3,0,3,3,0,0,1,0,2.9,2.9,0.2,3.2,23,17,75,0.44,0.46,Matches
Felix Agu,de GER,DF,Werder Bremen,25-199,1999,17,16,1344,14.9,3,0,3,3,0,0,1,0,1.0,1.0,1.4,2.4,27,28,86,0.20,0.16,Matches
Antonio Nusa,no NOR,"MF,DF",RB Leipzig,19-362,2005,21,15,1440,16.0,3,3,6,3,0,0,0,0,1.6,1.6,2.6,4.2,51,46,111,0.37,0.26,Matches
Mario Götze,de GER,"MF,FW",Eint Frankfurt,32-315,1992,24,18,1542,17.1,3,2,5,3,0,0,1,0,2.9,2.9,3.1,6.0,29,88,96,0.29,0.35,Matches
Elias Saad,tn TUN,"FW,MF",St. Pauli,25-108,1999,16,10,870,9.7,3,2,5,3,0,0,1,0,2.8,2.8,0.8,3.6,27,26,72,0.52,0.37,Matches
Philipp Hofmann,de GER,FW,Bochum,32-015,1993,29,24,2131,23.7,3,3,6,3,0,0,4,0,5.0,5.0,3.3,8.4,8,48,104,0.25,0.35,Matches
Lucas Höler,de GER,"FW,MF",Freiburg,30-278,1994,27,18,1571,17.5,3,4,7,3,0,1,2,0,6.4,5.6,2.3,7.9,16,38,106,0.40,0.50,Matches
Joakim Mæhle,dk DEN,DF,Wolfsburg,27-329,1997,23,20,1738,19.3,3,4,7,3,0,0,5,0,1.8,1.8,1.7,3.6,50,78,98,0.36,0.19,Matches
Justin Njinmah,de GER,"FW,MF",Werder Bremen,24-150,2000,21,9,837,9.3,3,1,4,3,0,0,1,0,2.6,2.6,0.9,3.5,25,20,90,0.43,0.38,Matches
Andrej Ilic,rs SRB,FW,Union Berlin,25-011,2000,11,7,620,6.9,3,0,3,2,1,1,1,0,2.7,1.9,0.2,2.1,3,8,40,0.29,0.42,Matches
Jeong Woo-yeong,kr KOR,"MF,FW",Union Berlin,25-206,1999,23,17,1263,14.0,3,2,5,3,0,0,2,0,2.8,2.8,1.7,4.4,32,63,93,0.36,0.31,Matches
Oladapo Afolayan,eng ENG,"FW,MF",St. Pauli,27-061,1998,28,15,1490,16.6,3,1,4,3,0,0,3,0,2.9,2.9,3.7,6.6,51,30,99,0.24,0.40,Matches
Hugo Larsson,se SWE,MF,Eint Frankfurt,20-291,2004,28,23,1943,21.6,3,0,3,3,0,0,2,0,3.0,3.0,1.1,4.1,13,101,29,0.14,0.19,Matches
Léo Scienza,br BRA,"FW,MF",Heidenheim,26-213,1998,22,12,1035,11.5,3,2,5,3,0,0,0,0,1.9,1.9,3.2,5.0,62,27,79,0.43,0.44,Matches
Jan Schöppner,de GER,MF,Heidenheim,25-306,1999,28,27,2334,25.9,3,2,5,3,0,0,7,0,3.4,3.4,3.2,6.6,34,97,39,0.19,0.25,Matches
Emre Can,de GER,"DF,MF",Dortmund,31-092,1994,26,22,1953,21.7,3,0,3,1,2,2,4,1,2.0,0.4,0.4,0.8,16,109,9,0.05,0.11,Matches
Nathaniel Brown,de GER,"DF,MF",Eint Frankfurt,21-302,2003,21,17,1503,16.7,3,5,8,3,0,0,1,0,2.2,2.2,4.0,6.2,34,58,98,0.48,0.37,Matches
Patrick Wimmer,at AUT,"MF,FW",Wolfsburg,23-319,2001,24,17,1429,15.9,3,4,7,3,0,0,5,1,3.4,3.4,2.6,6.0,35,69,65,0.44,0.38,Matches
Paul Wanner,de GER,"MF,FW",Heidenheim,19-112,2005,26,18,1570,17.4,3,1,4,2,1,1,2,0,3.5,2.7,1.1,3.8,25,59,56,0.17,0.27,Matches
Julian Brandt,de GER,MF,Dortmund,28-347,1996,25,24,1960,21.8,3,6,9,3,0,0,1,0,3.9,3.9,7.0,10.9,46,122,172,0.41,0.50,Matches
Ridle Baku,de GER,"FW,MF",Wolfsburg,27-006,1998,15,14,1170,13.0,2,1,3,2,0,0,2,0,1.5,1.5,1.3,2.7,16,44,78,0.23,0.21,Matches
Christoph Baumgartner,at AUT,"MF,FW",RB Leipzig,25-256,1999,27,15,1375,15.3,2,1,3,2,0,0,5,0,3.9,3.9,1.3,5.2,30,42,77,0.20,0.34,Matches
Kiliann Sildillia,fr FRA,DF,Freiburg,22-333,2002,17,8,790,8.8,2,0,2,2,0,0,2,0,0.5,0.5,0.7,1.1,10,28,32,0.23,0.13,Matches
Armindo Sieb,de GER,"FW,MF",Mainz 05,22-056,2003,26,5,758,8.4,2,2,4,2,0,0,2,0,2.8,2.8,1.1,3.9,27,18,64,0.47,0.47,Matches
Kevin Stöger,at AUT,"MF,FW",Gladbach,31-230,1993,26,14,1332,14.8,2,3,5,1,1,1,2,0,2.6,1.8,5.1,6.9,34,103,87,0.27,0.52,Matches
Ibrahima Sissoko,ml MLI,MF,Bochum,27-169,1997,28,26,2309,25.7,2,1,3,2,0,0,8,0,1.6,1.6,1.5,3.1,31,96,55,0.12,0.12,Matches
Robert Skov,dk DEN,"DF,MF",Union Berlin,28-329,1996,15,11,852,9.5,2,2,4,1,1,1,1,0,1.7,0.9,2.4,3.3,25,36,45,0.32,0.43,Matches
Danel Sinani,lu LUX,"FW,MF",St. Pauli,28-009,1997,21,9,845,9.4,2,1,3,2,0,0,2,0,1.4,1.4,2.0,3.3,8,42,41,0.32,0.36,Matches
Haris Tabakovic,ba BIH,FW,Hoffenheim,30-298,1994,18,5,700,7.8,2,1,3,2,0,0,0,0,2.7,2.7,1.0,3.7,3,6,37,0.39,0.48,Matches
Julian Chabot,de GER,DF,Stuttgart,27-061,1998,26,22,1864,20.7,2,1,3,2,0,0,9,1,1.3,1.3,0.2,1.5,6,81,2,0.14,0.07,Matches
Franck Honorat,fr FRA,FW,Gladbach,28-246,1996,15,15,1182,13.1,2,5,7,2,0,0,0,0,3.5,3.5,4.3,7.7,48,36,100,0.53,0.59,Matches
Álex Grimaldo,es ESP,"DF,MF",Leverkusen,29-206,1995,27,26,2252,25.0,2,5,7,2,0,0,5,1,2.3,2.3,6.8,9.1,75,141,227,0.28,0.36,Matches
Niklas Dorsch,de GER,MF,Heidenheim,27-089,1998,18,15,1097,12.2,2,2,4,2,0,0,3,1,0.9,0.9,1.0,1.9,11,49,20,0.33,0.15,Matches
Dayot Upamecano,fr FRA,DF,Bayern Munich,26-169,1998,20,20,1759,19.5,2,0,2,2,0,0,6,0,1.2,1.2,0.5,1.7,17,137,4,0.10,0.09,Matches
El Bilal Touré,ml MLI,"FW,MF",Stuttgart,23-193,2001,12,3,356,4.0,2,1,3,2,0,0,0,0,1.6,1.6,1.1,2.8,6,7,25,0.76,0.70,Matches
Junior Adamu,at AUT,FW,Freiburg,23-312,2001,21,15,1248,13.9,2,1,3,2,0,0,5,1,4.7,4.7,1.5,6.2,7,10,70,0.22,0.45,Matches
Nathan Tella,ng NGA,"MF,FW",Leverkusen,25-283,1999,22,13,1090,12.1,2,2,4,2,0,0,0,0,2.6,2.6,0.7,3.3,29,22,104,0.33,0.27,Matches
Jonathan Tah,de GER,DF,Leverkusen,29-062,1996,28,28,2520,28.0,2,0,2,2,0,0,2,0,0.9,0.9,0.3,1.2,15,152,8,0.07,0.04,Matches
Maximilian Breunig,de GER,"FW,MF",Heidenheim,24-243,2000,13,2,350,3.9,2,0,2,1,1,1,0,0,3.4,2.7,0.2,2.9,5,7,13,0.26,0.94,Matches
Leonardo Bittencourt,de GER,MF,Werder Bremen,31-116,1993,22,10,907,10.1,2,1,3,2,0,0,2,0,1.5,1.5,1.6,3.1,16,60,34,0.30,0.30,Matches
Adrian Beck,de GER,"MF,FW",Heidenheim,27-309,1997,27,13,1205,13.4,2,1,3,2,0,0,1,0,2.4,2.4,1.0,3.5,25,57,68,0.22,0.26,Matches
Michy Batshuayi,be BEL,"FW,DF",Eint Frankfurt,31-194,1993,6,2,207,2.3,2,0,2,2,0,0,2,0,0.8,0.8,0.0,0.9,3,7,10,0.87,0.38,Matches
Sebastiaan Bornauw,be BEL,DF,Wolfsburg,26-023,1999,14,8,787,8.7,2,1,3,2,0,0,2,0,1.2,1.2,0.5,1.7,3,21,1,0.34,0.20,Matches
Martin Terrier,fr FRA,"MF,FW",Leverkusen,28-041,1997,15,7,584,6.5,2,1,3,2,0,0,1,0,2.4,2.4,0.9,3.3,11,14,35,0.46,0.52,Matches
Tuta,br BRA,"DF,MF",Eint Frankfurt,25-284,1999,26,22,1944,21.6,2,1,3,2,0,0,8,0,0.8,0.8,0.3,1.1,9,62,6,0.14,0.05,Matches
Jacob Bruun Larsen,dk DEN,"FW,MF",Hoffenheim,26-207,1998,12,3,400,4.4,2,2,4,2,0,0,0,0,2.3,2.3,0.6,2.9,16,16,41,0.90,0.66,Matches
Budu Zivzivadze,ge GEO,FW,Heidenheim,31-035,1994,12,10,894,9.9,2,3,5,2,0,0,0,0,1.3,1.3,1.4,2.8,9,17,39,0.50,0.28,Matches
Amine Adli,ma MAR,"MF,FW",Leverkusen,24-339,2000,15,5,578,6.4,2,0,2,2,0,0,2,0,2.3,2.3,0.3,2.5,29,19,88,0.31,0.39,Matches
Robert Andrich,de GER,"MF,DF",Leverkusen,30-204,1994,20,17,1398,15.5,2,2,4,2,0,0,7,0,1.3,1.3,0.3,1.5,7,58,14,0.26,0.10,Matches
Mert Kömür,de GER,MF,Augsburg,19-271,2005,15,1,370,4.1,2,1,3,2,0,0,1,0,0.8,0.8,0.3,1.1,10,5,32,0.73,0.27,Matches
Robin Koch,de GER,DF,Eint Frankfurt,28-271,1996,25,25,2136,23.7,2,0,2,2,0,0,3,0,1.3,1.3,0.1,1.4,8,75,3,0.08,0.06,Matches
Derrick Köhn,de GER,"DF,FW",Werder Bremen,26-069,1999,23,14,1301,14.5,2,2,4,2,0,0,2,0,0.7,0.7,1.6,2.4,34,36,119,0.28,0.16,Matches
Jann-Fiete Arp,de GER,"FW,MF",Holstein Kiel,25-098,2000,21,3,692,7.7,2,0,2,1,1,2,6,1,3.6,2.1,1.0,3.1,12,21,62,0.13,0.61,Matches
Lovro Majer,hr CRO,MF,Wolfsburg,27-087,1998,4,2,145,1.6,2,0,2,1,1,1,1,0,1.1,0.4,0.0,0.4,2,2,6,0.62,0.72,Matches
Jean Mattéo Bahoya,fr FRA,"FW,MF",Eint Frankfurt,19-342,2005,20,7,684,7.6,2,2,4,2,0,0,3,0,1.5,1.5,1.1,2.6,17,22,80,0.53,0.34,Matches
Kim Min-jae,kr KOR,DF,Bayern Munich,28-150,1996,26,26,2238,24.9,2,0,2,2,0,0,2,0,1.6,1.6,0.3,1.9,16,181,5,0.08,0.08,Matches
Giorgos Masouras,gr GRE,"FW,MF",Bochum,31-103,1994,9,8,689,7.7,2,1,3,2,0,0,0,0,3.6,3.6,0.9,4.5,19,11,51,0.39,0.58,Matches
Granit Xhaka,ch SUI,MF,Leverkusen,32-199,1992,29,29,2541,28.2,2,7,9,2,0,0,3,0,0.9,0.9,4.3,5.1,36,289,66,0.32,0.18,Matches
Dani de Wit,nl NED,"MF,FW",Bochum,27-076,1998,24,11,1063,11.8,2,0,2,2,0,0,1,0,1.8,1.8,0.4,2.2,4,26,34,0.17,0.19,Matches
Maximilian Arnold,de GER,MF,Wolfsburg,30-322,1994,25,24,2151,23.9,2,4,6,2,0,0,7,0,0.8,0.8,2.6,3.4,9,119,15,0.25,0.14,Matches
David Zec,si SVN,DF,Holstein Kiel,25-099,2000,13,13,1116,12.4,2,0,2,2,0,0,5,0,1.2,1.2,0.5,1.7,2,27,1,0.16,0.14,Matches
Jamie Leweling,de GER,"MF,FW",Stuttgart,24-047,2001,23,19,1438,16.0,2,2,4,2,0,0,4,0,1.1,1.1,3.3,4.4,51,48,143,0.25,0.28,Matches
Matthias Ginter,de GER,DF,Freiburg,31-085,1994,27,23,2111,23.5,2,0,2,2,0,0,5,0,1.8,1.8,0.6,2.4,10,100,15,0.09,0.10,Matches
Tom Rothe,de GER,"DF,MF",Union Berlin,20-167,2004,21,14,1248,13.9,2,2,4,2,0,0,4,1,1.6,1.6,1.3,2.9,21,36,82,0.29,0.21,Matches
Gio Reyna,us USA,MF,Dortmund,22-152,2002,14,3,328,3.6,2,0,2,2,0,0,3,0,0.2,0.2,0.2,0.4,5,18,18,0.55,0.11,Matches
Christian Günter,de GER,DF,Freiburg,32-045,1993,27,27,2282,25.4,2,2,4,2,0,0,0,0,0.8,0.6,2.5,3.2,19,52,108,0.16,0.13,Matches
Ko Itakura,jp JPN,DF,Gladbach,28-077,1997,27,27,2430,27.0,2,0,2,2,0,0,5,0,0.9,0.9,0.8,1.7,18,57,3,0.07,0.06,Matches
Lukas Nmecha,de GER,"FW,MF",Wolfsburg,26-121,1998,14,1,264,2.9,2,0,2,2,0,0,1,0,3.6,3.6,0.2,3.7,4,4,23,0.68,1.26,Matches
Felix Nmecha,de GER,MF,Dortmund,24-186,2000,21,14,1172,13.0,2,1,3,2,0,0,2,0,0.3,0.3,0.9,1.2,11,64,13,0.23,0.09,Matches
Nathan N'Goumou,cm CMR,FW,Gladbach,25-031,2000,19,9,828,9.2,2,1,3,2,0,0,0,0,1.9,1.9,1.3,3.2,30,16,85,0.33,0.34,Matches
Piero Hincapié,ec ECU,DF,Leverkusen,23-095,2002,27,24,2296,25.5,2,2,4,2,0,0,6,0,2.7,2.7,3.2,5.8,46,142,69,0.16,0.23,Matches
Finn Porath,de GER,"DF,MF",Holstein Kiel,28-050,1997,27,20,1865,20.7,2,3,5,2,0,0,3,0,1.8,1.8,1.9,3.6,40,57,65,0.24,0.18,Matches
Michael Gregoritsch,at AUT,FW,Freiburg,30-361,1994,18,5,577,6.4,2,1,3,2,0,0,2,0,1.8,1.8,0.4,2.2,6,18,34,0.47,0.34,Matches
Rasmus Kristensen,dk DEN,DF,Eint Frankfurt,27-277,1997,26,24,2153,23.9,2,2,4,2,0,0,2,0,1.1,1.1,2.4,3.5,47,150,127,0.17,0.15,Matches
Eric Smith,se SWE,"DF,MF",St. Pauli,28-096,1997,27,27,2377,26.4,1,1,2,1,0,0,5,0,1.3,1.3,1.5,2.8,14,96,11,0.08,0.11,Matches
Anton Stach,de GER,"MF,DF",Hoffenheim,26-150,1998,25,24,2144,23.8,1,1,2,1,0,0,6,0,1.4,1.4,1.4,2.8,28,122,31,0.08,0.12,Matches
Maximilian Eggestein,de GER,MF,Freiburg,28-127,1996,28,28,2395,26.6,1,0,1,1,0,0,4,0,1.6,1.6,1.5,3.1,28,128,32,0.04,0.12,Matches
Nico Elvedi,ch SUI,DF,Gladbach,28-196,1996,22,22,1910,21.2,1,1,2,1,0,0,1,0,2.0,2.0,0.4,2.4,18,51,5,0.09,0.11,Matches
Patrick Erras,de GER,DF,Holstein Kiel,30-083,1995,10,10,832,9.2,1,0,1,1,0,0,2,0,0.9,0.9,0.1,1.0,3,25,1,0.11,0.11,Matches
Danilho Doekhi,nl NED,DF,Union Berlin,26-288,1998,29,29,2610,29.0,1,0,1,1,0,0,4,0,2.5,2.5,1.3,3.8,11,79,13,0.03,0.13,Matches
Nnamdi Collins,de GER,DF,Eint Frankfurt,21-094,2004,20,13,1267,14.1,1,1,2,1,0,0,1,0,0.8,0.8,1.0,1.8,26,56,36,0.14,0.13,Matches
Siebe Van Der Heyden,be BEL,"DF,MF",St. Pauli,26-319,1998,9,7,607,6.7,1,0,1,1,0,0,2,0,1.7,1.7,0.0,1.8,4,16,15,0.15,0.26,Matches
Denis Vavro,sk SVK,DF,Wolfsburg,29-004,1996,24,22,2026,22.5,1,0,1,1,0,0,3,0,1.2,1.2,0.2,1.4,8,84,2,0.04,0.06,Matches
Yorbe Vertessen,be BEL,"MF,FW",Union Berlin,24-096,2001,17,7,718,8.0,1,0,1,1,0,0,2,0,1.3,1.3,1.6,2.9,18,16,42,0.13,0.36,Matches
Ridle Baku,de GER,"DF,MF",RB Leipzig,27-006,1998,14,12,981,10.9,1,2,3,1,0,0,1,0,1.1,1.1,0.6,1.7,18,24,72,0.28,0.16,Matches
Kevin Behrens,de GER,FW,Wolfsburg,34-070,1991,17,0,154,1.7,1,0,1,1,0,0,2,0,2.3,2.3,0.1,2.4,2,2,17,0.58,1.42,Matches
Kevin Vogt,de GER,DF,Union Berlin,33-203,1991,15,14,1196,13.3,1,0,1,0,1,1,5,0,0.8,0.0,0.0,0.0,8,58,0,0.00,0.06,Matches
László Bénes,sk SVK,"MF,FW",Union Berlin,27-217,1997,18,2,482,5.4,1,1,2,1,0,0,4,0,0.7,0.7,0.9,1.6,4,26,30,0.37,0.30,Matches
Lukas Ullrich,de GER,DF,Gladbach,21-029,2004,21,19,1492,16.6,1,2,3,1,0,0,4,0,0.9,0.9,1.8,2.7,22,30,55,0.18,0.16,Matches
Mergim Berisha,de GER,"FW,MF",Hoffenheim,26-338,1998,11,3,333,3.7,1,1,2,1,0,0,1,0,1.0,1.0,1.0,2.0,2,7,18,0.54,0.54,Matches
Ramy Bensebaini,dz ALG,DF,Dortmund,29-363,1995,26,18,1572,17.5,1,5,6,1,0,0,6,0,1.2,1.2,2.7,3.9,19,88,55,0.34,0.22,Matches
Anthony Caci,fr FRA,DF,Mainz 05,27-287,1997,28,28,2328,25.9,1,7,8,1,0,0,6,0,3.0,3.0,6.1,9.0,39,119,132,0.31,0.35,Matches
Emi Buendía,ar ARG,"MF,FW",Leverkusen,28-110,1996,7,1,131,1.5,1,0,1,1,0,0,0,0,0.8,0.8,0.8,1.6,2,12,17,0.69,1.10,Matches
Jacob Bruun Larsen,dk DEN,"MF,FW",Stuttgart,26-207,1998,11,3,376,4.2,1,0,1,1,0,0,1,0,0.3,0.3,1.2,1.5,17,15,36,0.24,0.35,Matches
Carlo Boukhalfa,ma MAR,MF,St. Pauli,25-346,1999,20,14,1232,13.7,1,0,1,1,0,0,0,0,0.8,0.8,0.4,1.3,10,31,32,0.07,0.09,Matches
Noah Weißhaupt,de GER,"FW,MF",St. Pauli,23-206,2001,14,11,945,10.5,1,0,1,1,0,0,0,0,1.7,1.7,1.8,3.5,33,25,80,0.10,0.33,Matches
Josha Vagnoman,de GER,"DF,MF",Stuttgart,24-124,2000,23,18,1702,18.9,1,1,2,1,0,0,4,0,1.4,1.4,1.5,2.9,23,44,83,0.11,0.15,Matches
Moritz Broschinski,de GER,"FW,MF",Bochum,24-203,2000,29,14,1291,14.3,1,3,4,1,0,0,1,0,4.1,4.1,1.7,5.8,32,19,120,0.28,0.40,Matches
Carney Chukwuemeka,eng ENG,MF,Dortmund,21-176,2003,6,1,158,1.8,1,0,1,1,0,0,1,0,0.6,0.6,0.4,1.0,9,13,12,0.57,0.58,Matches
Fares Chaïbi,dz ALG,"FW,MF",Eint Frankfurt,22-137,2002,21,8,854,9.5,1,1,2,1,0,0,2,0,2.4,2.4,1.7,4.1,13,45,62,0.21,0.43,Matches
Angelo Stiller,de GER,MF,Stuttgart,24-010,2001,28,27,2456,27.3,1,6,7,1,0,0,5,0,1.4,1.4,6.5,7.9,31,245,56,0.26,0.29,Matches
Leonidas Stergiou,ch SUI,DF,Stuttgart,23-042,2002,10,9,711,7.9,1,2,3,1,0,0,0,1,1.1,1.1,0.9,1.9,10,31,16,0.38,0.25,Matches
Sirlord Conteh,de GER,"FW,MF",Heidenheim,28-279,1996,26,3,750,8.3,1,1,2,1,0,0,1,0,1.4,1.4,2.3,3.7,27,19,66,0.24,0.44,Matches
Andreas Skov Olsen,dk DEN,"FW,MF",Wolfsburg,25-106,1999,9,3,372,4.1,1,1,2,1,0,0,0,0,0.6,0.6,1.5,2.1,14,16,32,0.48,0.52,Matches
André Silva,pt POR,FW,Werder Bremen,29-159,1995,7,4,375,4.2,1,0,1,0,1,2,1,0,2.6,1.0,0.4,1.4,6,10,28,0.00,0.71,Matches
André Silva,pt POR,"FW,MF",RB Leipzig,29-159,1995,8,0,132,1.5,1,2,3,0,1,1,0,0,1.3,0.5,0.6,1.1,6,4,11,1.36,1.28,Matches
Justin Diehl,de GER,"FW,DF",Stuttgart,20-138,2004,6,0,104,1.2,1,0,1,1,0,0,0,0,1.0,1.0,0.1,1.1,5,5,20,0.87,0.94,Matches
Alphonso Davies,ca CAN,DF,Bayern Munich,24-163,2000,19,17,1560,17.3,1,2,3,1,0,0,0,0,1.2,1.2,1.6,2.8,81,120,140,0.17,0.16,Matches
Lukas Daschner,de GER,"MF,FW",Bochum,26-195,1998,14,3,412,4.6,1,1,2,1,0,1,0,0,2.7,1.9,0.7,2.6,8,11,19,0.44,0.74,Matches
Bence Dárdai,hu HUN,MF,Wolfsburg,19-080,2006,17,13,1031,11.5,1,1,2,1,0,0,0,0,1.0,1.0,1.0,1.9,3,31,17,0.17,0.17,Matches
Mahmoud Dahoud,de GER,MF,Eint Frankfurt,29-103,1996,9,3,364,4.0,1,1,2,1,0,0,2,0,0.5,0.5,0.7,1.2,1,17,6,0.49,0.31,Matches
Tomáš Čvančara,cz CZE,FW,Gladbach,24-244,2000,23,5,614,6.8,1,0,1,1,0,0,4,1,3.0,3.0,0.4,3.4,12,20,38,0.15,0.50,Matches
Manolis Saliakas,gr GRE,"MF,DF",St. Pauli,28-214,1996,25,21,1891,21.0,1,1,2,1,0,0,3,0,1.2,1.2,2.5,3.6,27,85,71,0.10,0.17,Matches
Philipp Sander,de GER,MF,Gladbach,27-052,1998,24,14,1250,13.9,1,0,1,1,0,0,2,0,1.0,1.0,0.6,1.6,12,53,25,0.07,0.12,Matches
Kilian Fischer,de GER,DF,Wolfsburg,24-184,2000,28,25,1982,22.0,1,0,1,1,0,0,6,0,0.3,0.3,0.4,0.7,43,92,72,0.05,0.03,Matches
Chris Führich,de GER,"MF,FW",Stuttgart,27-095,1998,28,19,1629,18.1,1,2,3,1,0,0,1,0,2.0,2.0,2.7,4.7,86,78,169,0.17,0.26,Matches
Cristian Gamboa,cr CRC,DF,Bochum,35-172,1989,10,0,162,1.8,1,0,1,1,0,0,0,0,0.2,0.2,0.2,0.3,2,5,6,0.56,0.19,Matches
Shiō Fukuda,jp JPN,"FW,MF",Gladbach,21-006,2004,4,0,43,0.5,1,0,1,1,0,0,0,0,0.3,0.3,0.0,0.3,0,1,2,2.09,0.72,Matches
Valentin Gendrey,fr FRA,DF,Hoffenheim,24-297,2000,21,13,1354,15.0,1,1,2,1,0,0,1,0,1.1,1.1,1.8,2.9,24,48,83,0.13,0.19,Matches
Lutsharel Geertruida,nl NED,DF,RB Leipzig,24-270,2000,20,15,1327,14.7,1,0,1,1,0,0,2,0,1.1,1.1,0.9,2.0,17,76,29,0.07,0.13,Matches
András Schäfer,hu HUN,MF,Union Berlin,26-001,1999,21,13,1194,13.3,1,1,2,1,0,0,3,0,0.6,0.6,0.8,1.4,16,46,30,0.15,0.10,Matches
Dimitris Giannoulis,gr GRE,DF,Augsburg,29-179,1995,26,26,2235,24.8,1,4,5,1,0,0,7,0,1.1,1.1,3.2,4.3,44,89,122,0.20,0.18,Matches
Yannick Gerhardt,de GER,"MF,DF",Wolfsburg,31-032,1994,26,13,1305,14.5,1,1,2,1,0,0,5,1,1.0,1.0,0.2,1.2,24,53,55,0.14,0.08,Matches
Max Geschwill,de GER,DF,Holstein Kiel,23-281,2001,18,13,1237,13.7,1,2,3,1,0,0,2,0,0.9,0.9,0.8,1.6,5,58,16,0.22,0.12,Matches
Gerrit Holtmann,ph PHI,"DF,FW",Bochum,30-020,1995,19,11,987,11.0,1,1,2,1,0,0,2,0,1.8,1.8,2.5,4.2,43,30,77,0.18,0.39,Matches
Hiroki Ito,jp JPN,DF,Bayern Munich,25-337,1999,6,3,250,2.8,1,0,1,1,0,0,1,0,0.4,0.4,0.4,0.8,3,18,6,0.36,0.27,Matches
Benedikt Pichler,at AUT,FW,Holstein Kiel,27-268,1997,17,7,773,8.6,1,2,3,1,0,0,1,0,2.2,2.2,1.1,3.3,17,18,56,0.35,0.38,Matches
Aleksandar Pavlovic,de GER,MF,Bayern Munich,20-346,2004,16,14,1069,11.9,1,0,1,1,0,0,2,0,0.4,0.4,0.2,0.6,9,94,30,0.08,0.05,Matches
Lars Ritzka,de GER,"DF,MF",St. Pauli,26-342,1998,18,10,778,8.6,1,0,1,1,0,0,1,0,0.4,0.4,0.2,0.6,7,20,29,0.12,0.07,Matches
Lasse Rosenboom,de GER,DF,Holstein Kiel,23-085,2002,21,16,1343,14.9,1,2,3,1,0,0,2,0,0.7,0.7,0.9,1.7,16,29,33,0.20,0.11,Matches
Anthony Rouault,fr FRA,DF,Stuttgart,23-320,2001,18,14,1212,13.5,1,0,1,1,0,0,1,0,0.5,0.5,0.3,0.8,6,52,4,0.07,0.06,Matches
Jeffrey Gouweleeuw,nl NED,DF,Augsburg,33-278,1991,28,28,2494,27.7,1,4,5,1,0,1,9,0,1.4,0.6,1.9,2.5,19,112,14,0.18,0.12,Matches
Julian Ryerson,no NOR,"DF,FW",Dortmund,27-148,1997,24,23,1887,21.0,1,3,4,1,0,0,6,1,0.4,0.4,3.9,4.3,53,79,110,0.19,0.21,Matches
Jonas Hofmann,de GER,"MF,DF",Leverkusen,32-274,1992,8,3,252,2.8,1,1,2,1,0,0,1,0,0.6,0.6,0.3,0.9,4,9,21,0.71,0.34,Matches
Felix Passlack,de GER,"DF,MF",Bochum,26-320,1998,26,26,2034,22.6,1,5,6,1,0,0,4,0,1.2,1.2,2.9,4.2,38,61,98,0.27,0.18,Matches
Exequiel Palacios,ar ARG,MF,Leverkusen,26-191,1998,20,9,916,10.2,1,6,7,1,0,0,1,0,1.4,1.4,2.3,3.7,11,73,38,0.69,0.36,Matches
Oscar Højlund,dk DEN,MF,Eint Frankfurt,20-100,2005,18,7,682,7.6,1,0,1,1,0,0,0,0,0.9,0.9,1.0,1.9,17,47,7,0.13,0.25,Matches
Leopold Querfeld,at AUT,DF,Union Berlin,21-115,2003,22,12,1297,14.4,1,1,2,1,0,0,5,0,0.9,0.9,0.7,1.6,0,29,4,0.14,0.11,Matches
Andreas Hanche-Olsen,no NOR,DF,Mainz 05,28-087,1997,17,8,909,10.1,1,1,2,1,0,0,3,1,0.4,0.4,0.3,0.7,2,26,5,0.20,0.07,Matches
Rocco Reitz,de GER,MF,Gladbach,22-320,2002,22,16,1435,15.9,1,1,2,1,0,0,1,0,1.1,1.1,1.6,2.6,13,74,20,0.13,0.17,Matches
Fabian Rieder,ch SUI,"MF,FW",Stuttgart,23-057,2002,20,7,799,8.9,1,3,4,1,0,0,1,0,1.3,1.3,2.0,3.3,17,36,50,0.45,0.38,Matches
Elvis Rexhbeçaj,xk KVX,MF,Augsburg,27-164,1997,23,21,1698,18.9,1,1,2,1,0,0,8,0,1.3,1.3,1.0,2.3,28,88,74,0.11,0.12,Matches
David Raum,de GER,DF,RB Leipzig,26-357,1998,20,19,1603,17.8,1,4,5,1,0,0,3,0,0.5,0.5,6.3,6.8,33,61,118,0.28,0.38,Matches
Yussuf Poulsen,dk DEN,"FW,MF",RB Leipzig,30-303,1994,18,2,313,3.5,1,0,1,1,0,0,1,0,2.2,2.2,0.5,2.7,2,10,22,0.29,0.78,Matches
Patrick Osterhage,de GER,MF,Freiburg,25-072,2000,26,23,1910,21.2,1,0,1,1,0,0,4,1,1.2,1.2,1.3,2.5,22,62,42,0.05,0.12,Matches
Erhan Mašović,rs SRB,DF,Bochum,26-143,1998,15,10,897,10.0,1,1,2,1,0,0,1,0,0.6,0.6,0.9,1.5,1,34,3,0.20,0.15,Matches
Ansgar Knauff,de GER,"MF,DF",Eint Frankfurt,23-094,2002,25,14,1239,13.8,1,5,6,1,0,0,2,0,2.5,2.5,4.7,7.3,42,46,118,0.44,0.53,Matches
Keke Maximilian Topp,de GER,"FW,MF",Werder Bremen,21-020,2004,16,1,242,2.7,1,2,3,1,0,0,1,0,0.8,0.8,2.0,2.8,9,7,25,1.12,1.03,Matches
Joshua Kimmich,de GER,MF,Bayern Munich,30-065,1995,28,27,2397,26.6,1,6,7,1,0,0,4,0,1.5,1.5,6.4,7.9,43,303,63,0.26,0.30,Matches
Chrislain Matsima,fr FRA,DF,Augsburg,22-334,2002,25,23,2101,23.3,1,0,1,1,0,0,4,0,1.4,1.4,0.1,1.5,11,70,9,0.04,0.06,Matches
Frans Krätzig,de GER,"DF,FW",Heidenheim,22-090,2003,12,11,861,9.6,1,2,3,1,0,0,0,0,0.5,0.5,1.1,1.6,18,23,42,0.31,0.17,Matches
Dominik Kohr,de GER,"DF,MF",Mainz 05,31-073,1994,25,25,2121,23.6,1,0,1,1,0,0,10,1,1.2,1.2,0.6,1.8,24,99,30,0.04,0.07,Matches
Atakan Karazor,,MF,Stuttgart,28-183,1996,27,26,2168,24.1,1,4,5,1,0,0,10,1,1.3,1.3,2.2,3.5,13,106,26,0.21,0.14,Matches
Andu Kelati,de GER,"MF,DF",Holstein Kiel,22-244,2002,8,2,288,3.2,1,1,2,1,0,0,2,1,0.9,0.9,0.8,1.7,3,19,11,0.62,0.53,Matches
Aljoscha Kemlein,de GER,MF,Union Berlin,20-255,2004,15,11,922,10.2,1,0,1,1,0,0,3,0,0.9,0.9,0.6,1.5,5,42,19,0.10,0.15,Matches
Kevin Kampl,si SVN,MF,RB Leipzig,34-187,1990,24,16,1426,15.8,1,0,1,1,0,0,4,0,0.8,0.8,1.4,2.1,18,98,30,0.06,0.14,Matches
Koji Miyoshi,jp JPN,"FW,MF",Bochum,28-019,1997,14,6,450,5.0,1,0,1,1,0,0,0,1,1.1,1.1,0.8,1.9,11,14,23,0.20,0.38,Matches
Yusuf Kabadayı,de GER,"FW,MF",Augsburg,21-071,2004,5,0,71,0.8,1,0,1,1,0,0,0,0,0.6,0.6,0.0,0.7,2,3,8,1.27,0.89,Matches
Maximilian Mittelstädt,de GER,DF,Stuttgart,28-027,1997,26,23,2043,22.7,1,5,6,1,0,0,5,0,0.6,0.6,3.9,4.5,46,140,120,0.26,0.20,Matches
Jakov Medić,hr CRO,DF,Bochum,26-219,1998,19,14,1339,14.9,1,0,1,1,0,0,2,0,0.7,0.7,0.2,0.8,2,18,3,0.07,0.06,Matches
Rani Khedira,de GER,MF,Union Berlin,31-077,1994,27,26,2273,25.3,1,0,1,1,0,0,7,0,1.4,1.4,0.5,1.9,10,69,28,0.04,0.08,Matches
Nordi Mukiele,fr FRA,DF,Leverkusen,27-164,1997,15,10,899,10.0,1,0,1,1,0,0,4,0,1.4,1.4,1.0,2.4,20,36,28,0.10,0.24,Matches
Thomas Müller,de GER,"MF,FW",Bayern Munich,35-213,1989,25,9,987,11.0,1,4,5,1,0,0,3,0,3.2,3.2,2.7,5.9,19,46,116,0.46,0.54,Matches
Luca Kerber,de GER,"MF,DF",Heidenheim,23-035,2002,19,7,687,7.6,1,0,1,1,0,0,4,0,0.4,0.4,0.5,0.9,1,12,11,0.13,0.12,Matches
Igor Matanovic,hr CRO,FW,Eint Frankfurt,22-014,2003,16,2,312,3.5,1,0,1,1,0,0,0,0,1.1,1.1,0.0,1.2,2,6,19,0.29,0.34,Matches
Patrick Mainka,de GER,DF,Heidenheim,30-159,1994,29,29,2610,29.0,1,1,2,1,0,0,3,0,1.7,1.7,0.3,2.0,17,94,10,0.07,0.07,Matches
Marin Ljubicic,hr CRO,"FW,MF",Union Berlin,23-045,2002,8,1,197,2.2,1,1,2,1,0,0,1,0,0.4,0.4,0.6,1.0,1,4,12,0.91,0.47,Matches
Philipp Lienhart,at AUT,DF,Freiburg,28-277,1996,27,26,2320,25.8,1,0,1,1,0,0,4,0,0.5,0.5,0.7,1.2,39,119,9,0.04,0.05,Matches
Konrad Laimer,at AUT,DF,Bayern Munich,27-322,1997,24,14,1318,14.6,1,1,2,1,0,0,7,0,1.3,1.3,2.3,3.6,57,101,86,0.14,0.25,Matches
Stefan Lainer,at AUT,DF,Gladbach,32-230,1992,17,4,567,6.3,1,0,1,1,0,0,2,0,0.2,0.2,0.9,1.1,17,21,24,0.16,0.17,Matches
Maxim Leitsch,de GER,DF,Mainz 05,26-331,1998,14,6,674,7.5,1,0,1,1,0,0,2,0,1.2,1.2,0.2,1.4,4,25,5,0.13,0.19,Matches
Johan Manzambi,ch SUI,"MF,FW",Freiburg,19-182,2005,6,0,54,0.6,1,0,1,1,0,0,1,0,0.4,0.4,0.0,0.4,1,3,3,1.67,0.64,Matches
Julián Malatini,ar ARG,DF,Werder Bremen,23-318,2001,10,5,454,5.0,1,1,2,1,0,0,1,0,0.2,0.2,0.5,0.7,8,24,4,0.40,0.14,Matches
Marius Wolf,de GER,DF,Augsburg,29-322,1995,28,24,1900,21.1,1,3,4,1,0,0,2,0,0.7,0.7,2.7,3.4,32,100,80,0.19,0.16,Matches
Waldemar Anton,de GER,DF,Dortmund,28-268,1996,21,17,1499,16.7,1,2,3,1,0,0,3,0,1.4,1.4,0.8,2.3,28,102,24,0.18,0.14,Matches
Andreas Albers,dk DEN,FW,St. Pauli,35-022,1990,14,0,62,0.7,1,0,1,1,0,0,0,0,0.6,0.6,0.1,0.7,1,3,6,1.45,1.04,Matches
Erik Ahlstrand,se SWE,"FW,MF",St. Pauli,23-182,2001,5,0,43,0.5,0,0,0,0,0,0,0,0,0.0,0.0,0.0,0.0,1,1,3,0.00,0.00,Matches
Kevin Akpoguma,ng NGA,DF,Hoffenheim,29-360,1995,27,19,1920,21.3,0,0,0,0,0,0,3,0,0.1,0.1,0.3,0.4,12,84,15,0.00,0.02,Matches
Skelly Alvero,fr FRA,MF,Werder Bremen,22-345,2002,12,1,236,2.6,0,0,0,0,0,0,1,0,0.0,0.0,0.0,0.0,1,8,0,0.00,0.01,Matches
Aurele Amenda,ch SUI,DF,Eint Frankfurt,21-257,2003,6,1,78,0.9,0,0,0,0,0,0,1,0,0.0,0.0,0.3,0.3,1,1,1,0.00,0.29,Matches
Arthur,br BRA,"DF,FW",Leverkusen,22-028,2003,16,6,554,6.2,0,1,1,0,0,0,0,0,0.0,0.0,0.4,0.4,11,19,45,0.16,0.06,Matches
Noah Atubolu,de GER,GK,Freiburg,22-324,2002,24,24,2127,23.6,0,0,0,0,0,0,2,0,0.0,0.0,0.0,0.0,0,2,0,0.00,0.00,Matches
Ayman Azhil,ma MAR,MF,Dortmund,24-004,2001,1,0,24,0.3,0,0,0,0,0,0,1,0,0.0,0.0,0.0,0.0,0,1,1,0.00,0.00,Matches
Adam Aznou,ma MAR,DF,Bayern Munich,18-316,2006,2,0,17,0.2,0,0,0,0,0,0,0,0,0.0,0.0,0.0,0.0,0,1,2,0.00,0.00,Matches
Maximilian Wittek,de GER,DF,Bochum,29-236,1995,28,27,2260,25.1,0,0,0,0,0,0,8,0,1.2,1.2,3.7,4.9,39,111,71,0.00,0.19,Matches
Erencan Yardimci,tr TUR,"FW,MF",Hoffenheim,23-069,2002,8,3,313,3.5,0,0,0,0,0,0,2,0,1.0,1.0,0.0,1.0,4,4,12,0.00,0.30,Matches
Dan-Axel Zagadou,fr FRA,"DF,MF",Stuttgart,25-315,1999,2,0,29,0.3,0,0,0,0,0,0,1,0,0.0,0.0,0.0,0.0,0,0,0,0.00,0.00,Matches
Robin Zentner,de GER,GK,Mainz 05,30-168,1994,29,29,2610,29.0,0,0,0,0,0,0,3,0,0.0,0.0,0.1,0.1,0,2,0,0.00,0.00,Matches
Cedric Zesiger,ch SUI,DF,Augsburg,26-294,1998,10,10,820,9.1,0,2,2,0,0,0,6,1,0.2,0.2,0.8,1.0,4,25,4,0.22,0.11,Matches
Cedric Zesiger,ch SUI,DF,Wolfsburg,26-294,1998,7,5,522,5.8,0,0,0,0,0,0,4,0,0.1,0.1,0.0,0.1,3,19,2,0.00,0.01,Matches
Michael Zetterer,de GER,GK,Werder Bremen,29-276,1995,29,29,2610,29.0,0,0,0,0,0,0,2,0,0.0,0.0,0.0,0.0,0,3,0,0.00,0.00,Matches
Frans Krätzig,de GER,DF,Stuttgart,22-090,2003,1,1,56,0.6,0,0,0,0,0,0,0,0,0.0,0.0,0.0,0.0,0,2,2,0.00,0.00,Matches
Tom Krauß,de GER,MF,Bochum,23-296,2001,10,9,762,8.5,0,0,0,0,0,0,1,0,0.3,0.3,0.6,0.9,14,57,16,0.00,0.10,Matches
Moritz-Broni Kwarteng,gh GHA,"MF,FW",Bochum,26-351,1998,7,0,172,1.9,0,0,0,0,0,0,1,0,0.2,0.2,0.2,0.4,4,12,16,0.00,0.19,Matches
Nediljko Labrović,hr CRO,GK,Augsburg,25-186,1999,15,15,1350,15.0,0,0,0,0,0,0,0,0,0.0,0.0,0.0,0.0,0,0,0,0.00,0.00,Matches
Diogo Leite,pt POR,DF,Union Berlin,26-081,1999,28,27,2393,26.6,0,1,1,0,0,0,3,0,1.1,1.1,1.0,2.1,20,112,16,0.04,0.08,Matches
Anthony Losilla,fr FRA,MF,Bochum,39-035,1986,19,13,1083,12.0,0,0,0,0,0,0,1,0,0.1,0.1,0.4,0.5,3,42,11,0.00,0.04,Matches
Yannik Lührs,de GER,DF,Dortmund,21-217,2003,3,1,127,1.4,0,0,0,0,0,0,0,0,0.0,0.0,0.0,0.0,2,1,1,0.00,0.03,Matches
Castello Lukeba,fr FRA,DF,RB Leipzig,22-118,2002,19,14,1217,13.5,0,0,0,0,0,0,2,0,0.4,0.4,0.2,0.6,13,56,10,0.00,0.04,Matches
Senne Lynen,be BEL,MF,Werder Bremen,26-054,1999,27,27,2301,25.6,0,0,0,0,0,0,8,0,0.8,0.8,0.5,1.3,7,76,27,0.00,0.05,Matches
Arne Maier,de GER,MF,Augsburg,26-096,1999,25,7,845,9.4,0,0,0,0,0,0,0,1,1.5,1.5,1.4,2.9,15,34,47,0.00,0.31,Matches
Jordy Makengo,fr FRA,DF,Freiburg,23-254,2001,14,2,312,3.5,0,0,0,0,0,0,1,0,0.0,0.0,0.1,0.1,7,10,17,0.00,0.04,Matches
Jarzinho Malanga,de GER,DF,Stuttgart,18-278,2006,1,0,2,0.0,0,0,0,0,0,0,0,0,0.0,0.0,0.0,0.0,0,0,2,0.00,0.00,Matches
Lennard Maloney,us USA,MF,Heidenheim,25-188,1999,11,10,760,8.4,0,0,0,0,0,0,1,0,0.3,0.3,0.0,0.4,1,14,0,0.00,0.04,Matches
Lennard Maloney,us USA,MF,Mainz 05,25-188,1999,3,0,24,0.3,0,0,0,0,0,0,1,0,0.0,0.0,0.0,0.0,1,0,0,0.00,0.00,Matches
Lukas Klostermann,de GER,DF,RB Leipzig,28-315,1996,24,16,1478,16.4,0,0,0,0,0,0,2,0,0.2,0.2,0.1,0.3,15,71,26,0.00,0.02,Matches
Magnus Knudsen,no NOR,MF,Holstein Kiel,23-303,2001,26,21,1653,18.4,0,1,1,0,0,0,7,0,0.7,0.7,1.3,2.0,15,49,23,0.05,0.11,Matches
Gregor Kobel,ch SUI,GK,Dortmund,27-129,1997,27,27,2430,27.0,0,0,0,0,0,0,1,0,0.0,0.0,0.0,0.0,0,0,0,0.00,0.00,Matches
Marco Komenda,hr CRO,DF,Holstein Kiel,28-139,1996,19,17,1307,14.5,0,0,0,0,0,0,3,0,0.1,0.1,0.8,0.9,13,53,16,0.00,0.06,Matches
Henri Koudossou,de GER,DF,Augsburg,25-223,1999,17,4,631,7.0,0,0,0,0,0,0,1,0,0.1,0.1,0.5,0.6,13,16,35,0.00,0.08,Matches
Konstantinos Koulierakis,gr GRE,DF,Wolfsburg,21-137,2003,25,23,2018,22.4,0,2,2,0,0,0,3,0,0.6,0.6,0.9,1.5,17,87,8,0.09,0.07,Matches
Matej Kovar,cz CZE,GK,Leverkusen,24-332,2000,3,3,270,3.0,0,0,0,0,0,0,0,0,0.0,0.0,0.0,0.0,0,0,0,0.00,0.00,Matches
Maurides,br BRA,FW,St. Pauli,31-035,1994,1,0,2,0.0,0,0,0,0,0,0,0,0,0.0,0.0,0.0,0.0,0,0,0,0.00,0.00,Matches
Connor Metcalfe,au AUS,MF,St. Pauli,25-160,1999,7,2,278,3.1,0,0,0,0,0,0,0,0,0.7,0.7,0.2,0.8,6,8,9,0.00,0.27,Matches
Karol Mets,ee EST,DF,St. Pauli,31-333,1993,10,10,900,10.0,0,0,0,0,0,0,1,0,0.1,0.1,0.2,0.3,5,54,2,0.00,0.03,Matches
Alexander Meyer,de GER,GK,Dortmund,34-001,1991,2,2,180,2.0,0,0,0,0,0,0,0,0,0.0,0.0,0.1,0.1,0,0,0,0.00,0.06,Matches
Florian Micheler,at AUT,MF,Hoffenheim,19-332,2005,1,0,32,0.4,0,0,0,0,0,0,1,0,0.0,0.0,0.0,0.0,1,1,1,0.00,0.00,Matches
Max Moerstedt,de GER,FW,Hoffenheim,,,12,5,451,5.0,0,0,0,0,0,0,2,0,0.8,0.8,0.6,1.3,6,10,36,0.00,0.27,Matches
David Mokwa,fr FRA,"DF,FW",Hoffenheim,20-346,2004,2,0,22,0.2,0,0,0,0,0,0,0,0,0.3,0.3,0.0,0.3,0,0,0,0.00,1.21,Matches
David Jurásek,cz CZE,DF,Hoffenheim,24-250,2000,13,6,599,6.7,0,0,0,0,0,0,0,0,0.1,0.1,0.8,0.9,16,21,41,0.00,0.13,Matches
Almugera Kabar,de GER,DF,Dortmund,18-312,2006,5,1,137,1.5,0,0,0,0,0,0,2,1,0.0,0.0,0.5,0.5,5,6,2,0.00,0.36,Matches
Issa Kaboré,bf BFA,"DF,FW",Werder Bremen,23-337,2001,9,3,308,3.4,0,0,0,0,0,0,0,0,0.7,0.7,0.8,1.5,15,8,35,0.00,0.45,Matches
Pavel Kadeřábek,cz CZE,DF,Hoffenheim,32-354,1992,19,14,1186,13.2,0,0,0,0,0,0,5,0,0.3,0.3,1.7,2.0,12,38,60,0.00,0.15,Matches
Jakub Kamiński,pl POL,"DF,MF",Wolfsburg,22-313,2002,18,10,949,10.5,0,2,2,0,0,0,2,0,0.9,0.9,3.2,4.1,36,32,56,0.19,0.39,Matches
Mikkel Kaufmann,dk DEN,FW,Heidenheim,24-101,2001,9,3,372,4.1,0,0,0,0,0,0,2,0,0.5,0.5,0.1,0.6,4,10,21,0.00,0.15,Matches
Yannik Keitel,de GER,MF,Stuttgart,25-058,2000,10,2,252,2.8,0,0,0,0,0,0,1,0,0.4,0.4,0.0,0.4,2,11,2,0.00,0.15,Matches
Thomas Keller,de GER,"DF,MF",Heidenheim,25-252,1999,5,2,147,1.6,0,0,0,0,0,0,2,0,0.0,0.0,0.0,0.0,0,6,0,0.00,0.01,Matches
Steve Mounié,bj BEN,"FW,MF",Augsburg,30-197,1994,14,1,299,3.3,0,0,0,0,0,0,2,0,1.9,1.9,0.0,2.0,8,9,23,0.00,0.59,Matches
Florian Müller,de GER,GK,Freiburg,27-152,1997,6,5,483,5.4,0,0,0,0,0,0,0,0,0.0,0.0,0.0,0.0,0,0,0,0.00,0.00,Matches
Kevin Müller,de GER,GK,Heidenheim,34-030,1991,29,29,2610,29.0,0,0,0,0,0,0,0,0,0.0,0.0,0.0,0.0,0,0,0,0.00,0.00,Matches
Marius Müller,de GER,GK,Wolfsburg,31-276,1993,6,5,475,5.3,0,0,0,0,0,0,0,0,0.0,0.0,0.0,0.0,0,0,0,0.00,0.00,Matches
Florent Muslija,xk KVX,"FW,MF",Freiburg,26-282,1998,9,0,168,1.9,0,0,0,0,0,0,0,0,0.3,0.3,0.3,0.6,5,7,14,0.00,0.30,Matches
Phillipp Mwene,at AUT,DF,Mainz 05,31-075,1994,28,28,2308,25.6,0,4,4,0,0,0,6,0,1.2,1.2,1.7,2.9,56,92,123,0.16,0.11,Matches
Stanley N'Soki,fr FRA,DF,Hoffenheim,26-005,1999,19,14,1112,12.4,0,0,0,0,0,0,1,1,0.1,0.1,0.1,0.1,9,41,3,0.00,0.01,Matches
Kosta Nedeljković,rs SRB,DF,RB Leipzig,19-119,2005,6,2,214,2.4,0,0,0,0,0,0,0,0,0.5,0.5,0.3,0.7,8,12,20,0.00,0.31,Matches
Ivan Nekić,hr CRO,DF,Holstein Kiel,24-111,2000,1,1,71,0.8,0,0,0,0,0,0,0,0,0.0,0.0,0.0,0.0,0,2,0,0.00,0.00,Matches
David Nemeth,at AUT,DF,St. Pauli,24-027,2001,19,19,1687,18.7,0,1,1,0,0,0,3,0,0.1,0.1,0.1,0.3,11,53,4,0.05,0.01,Matches
Luca Netz,de GER,DF,Gladbach,21-334,2003,21,8,930,10.3,0,2,2,0,0,0,2,0,0.2,0.2,1.9,2.1,15,26,54,0.19,0.20,Matches
Manuel Neuer,de GER,GK,Bayern Munich,39-018,1986,20,20,1800,20.0,0,0,0,0,0,0,0,0,0.0,0.0,0.5,0.5,0,10,0,0.00,0.03,Matches
Florian Neuhaus,de GER,MF,Gladbach,28-029,1997,13,2,318,3.5,0,1,1,0,0,0,1,0,0.5,0.5,0.3,0.9,9,22,7,0.28,0.24,Matches
Moritz Nicolas,de GER,GK,Gladbach,27-175,1997,19,19,1639,18.2,0,0,0,0,0,0,0,0,0.0,0.0,0.0,0.0,0,0,0,0.00,0.00,Matches
Julian Niehues,de GER,MF,Heidenheim,23-362,2001,4,0,52,0.6,0,0,0,0,0,0,0,0,0.0,0.0,0.1,0.1,0,1,2,0.00,0.16,Matches
Niels Nkounkou,fr FRA,"DF,MF",Eint Frankfurt,24-164,2000,11,4,376,4.2,0,0,0,0,0,0,1,0,0.2,0.2,1.3,1.5,17,15,21,0.00,0.36,Matches
Arnaud Nordin,fr FRA,"DF,MF",Mainz 05,26-301,1998,4,0,75,0.8,0,0,0,0,0,0,0,0,0.0,0.0,0.4,0.5,2,1,14,0.00,0.56,Matches
Alexander Nübel,de GER,GK,Stuttgart,28-196,1996,29,29,2610,29.0,0,1,1,0,0,0,0,0,0.0,0.0,0.3,0.3,0,0,0,0.03,0.01,Matches
David Odogu,de GER,DF,Wolfsburg,18-315,2006,2,2,180,2.0,0,0,0,0,0,0,0,0,0.2,0.2,0.0,0.2,1,8,0,0.00,0.11,Matches
Tim Oermann,de GER,DF,Bochum,21-190,2003,24,21,1792,19.9,0,2,2,0,0,0,0,0,0.1,0.1,0.6,0.7,11,44,12,0.10,0.04,Matches
Ifechukwu Ogbus,ch SUI,DF,Freiburg,19-118,2005,2,0,19,0.2,0,0,0,0,0,0,0,0,0.0,0.0,0.0,0.0,0,0,0,0.00,0.00,Matches
Finn Ole Becker,de GER,MF,Hoffenheim,24-310,2000,9,7,645,7.2,0,1,1,0,0,0,1,0,0.1,0.1,0.3,0.4,3,41,6,0.14,0.06,Matches
Arijon Ibrahimović,de GER,FW,Bayern Munich,19-124,2005,1,0,1,0.0,0,0,0,0,0,0,0,0,0.0,0.0,0.0,0.0,0,0,0,0.00,0.00,Matches
Jackson Irvine,au AUS,MF,St. Pauli,32-038,1993,29,29,2610,29.0,0,6,6,0,0,0,2,0,3.2,3.0,3.9,7.0,19,117,58,0.21,0.25,Matches
Marko Ivezić,rs SRB,DF,Holstein Kiel,23-133,2001,20,16,1476,16.4,0,0,0,0,0,0,4,0,0.5,0.5,0.2,0.7,3,38,8,0.00,0.04,Matches
Kristijan Jakić,hr CRO,MF,Augsburg,27-335,1997,26,22,1856,20.6,0,1,1,0,0,0,2,0,0.6,0.6,0.7,1.3,24,81,37,0.05,0.06,Matches
Luca Jaquez,ch SUI,DF,Stuttgart,21-316,2003,2,1,87,1.0,0,0,0,0,0,0,0,0,0.0,0.0,0.0,0.0,0,2,0,0.00,0.00,Matches
Dominik Javorček,sk SVK,"DF,MF",Holstein Kiel,22-163,2002,12,4,384,4.3,0,2,2,0,0,0,2,0,0.0,0.0,0.7,0.7,7,4,23,0.47,0.16,Matches
Finn Jeltsch,de GER,DF,Stuttgart,18-271,2006,7,5,470,5.2,0,0,0,0,0,0,2,0,0.0,0.0,0.1,0.1,6,15,5,0.00,0.02,Matches
Fredrik Jensen,fi FIN,MF,Augsburg,27-217,1997,17,9,711,7.9,0,0,0,0,0,0,0,0,0.6,0.6,0.7,1.3,15,18,53,0.00,0.17,Matches
Moritz Jenz,de GER,DF,Mainz 05,25-349,1999,18,17,1510,16.8,0,0,0,0,0,0,4,0,0.9,0.9,0.3,1.2,1,47,3,0.00,0.07,Matches
Carl Johansson,se SWE,DF,Holstein Kiel,30-326,1994,5,4,365,4.1,0,0,0,0,0,0,0,0,0.0,0.0,0.3,0.3,0,8,0,0.00,0.08,Matches
Anthony Jung,de GER,DF,Werder Bremen,33-162,1991,27,20,1892,21.0,0,0,0,0,0,0,1,0,0.0,0.0,0.1,0.1,20,121,6,0.00,0.00,Matches
Josip Juranović,hr CRO,"DF,MF",Union Berlin,29-241,1995,15,12,1071,11.9,0,1,1,0,0,0,4,0,0.3,0.3,1.8,2.1,19,45,41,0.08,0.17,Matches
Jonas Omlin,ch SUI,GK,Gladbach,31-094,1994,7,6,528,5.9,0,0,0,0,0,0,0,1,0.0,0.0,0.0,0.0,0,0,0,0.00,0.00,Matches
Karim Onisiwo,at AUT,"MF,FW",Mainz 05,33-028,1992,6,1,110,1.2,0,0,0,0,0,0,0,0,0.1,0.1,0.3,0.4,1,0,8,0.00,0.33,Matches
Frank Onyeka,ng NGA,MF,Augsburg,27-103,1998,26,25,2168,24.1,0,1,1,0,0,0,7,0,1.4,1.4,1.1,2.5,36,81,61,0.04,0.10,Matches
Ivan Ordets,ua UKR,DF,Bochum,32-280,1992,20,19,1682,18.7,0,0,0,0,0,0,5,0,0.6,0.6,0.7,1.3,2,44,4,0.00,0.07,Matches
Assan Ouedraogo,de GER,MF,RB Leipzig,18-340,2006,3,0,50,0.6,0,0,0,0,0,0,0,0,0.1,0.1,0.0,0.1,2,1,2,0.00,0.11,Matches
Salih Özcan,tr TUR,MF,Wolfsburg,27-093,1998,11,3,353,3.9,0,0,0,0,0,0,0,0,0.1,0.1,0.8,0.9,6,22,5,0.00,0.23,Matches
Salih Özcan,tr TUR,MF,Dortmund,27-093,1998,8,3,341,3.8,0,0,0,0,0,0,0,0,0.3,0.3,0.3,0.7,4,27,4,0.00,0.18,Matches
João Palhinha,pt POR,MF,Bayern Munich,29-279,1995,14,6,656,7.3,0,0,0,0,0,0,2,1,0.7,0.7,0.2,0.9,3,31,7,0.00,0.12,Matches
Mats Pannewig,de GER,MF,Bochum,20-168,2004,11,1,143,1.6,0,0,0,0,0,0,1,0,0.8,0.8,0.1,0.9,2,9,12,0.00,0.56,Matches
Nicolas Höfler,de GER,MF,Freiburg,35-036,1990,18,7,790,8.8,0,0,0,0,0,0,3,0,0.2,0.2,0.1,0.3,1,30,3,0.00,0.04,Matches
Lewis Holtby,de GER,MF,Holstein Kiel,34-208,1990,23,12,1181,13.1,0,1,1,0,0,0,1,1,0.5,0.5,1.5,2.0,13,45,32,0.08,0.16,Matches
Timo Horn,de GER,GK,Bochum,31-337,1993,8,8,720,8.0,0,0,0,0,0,0,1,0,0.0,0.0,0.0,0.0,0,1,0,0.00,0.00,Matches
Lukáš Hrádecký,fi FIN,GK,Leverkusen,35-141,1989,26,26,2340,26.0,0,0,0,0,0,0,0,0,0.0,0.0,0.0,0.0,0,0,0,0.00,0.00,Matches
Robin Hranáč,cz CZE,DF,Hoffenheim,25-075,2000,4,2,219,2.4,0,0,0,0,0,0,0,0,0.0,0.0,0.0,0.0,2,4,0,0.00,0.00,Matches
Hong Hyunseok,kr KOR,MF,Mainz 05,25-302,1999,19,4,474,5.3,0,1,1,0,0,0,0,0,0.5,0.5,0.9,1.4,7,18,27,0.19,0.26,Matches
Mads Pedersen,dk DEN,DF,Augsburg,28-225,1996,7,2,235,2.6,0,0,0,0,0,0,0,0,0.1,0.1,0.0,0.1,1,11,10,0.00,0.03,Matches
Jordan Pefok,us USA,FW,Union Berlin,28-353,1996,18,10,908,10.1,0,1,1,0,0,0,2,0,3.2,3.2,0.9,4.1,3,12,40,0.10,0.40,Matches
Daniel Peretz,il ISR,GK,Bayern Munich,24-278,2000,3,3,270,3.0,0,0,0,0,0,0,1,0,0.0,0.0,0.0,0.0,0,1,0,0.00,0.00,Matches
Noah Pesch,hr CRO,FW,Gladbach,19-331,2005,1,0,6,0.1,0,0,0,0,0,0,0,0,0.0,0.0,0.0,0.0,0,1,1,0.00,0.00,Matches
Luca Philipp,de GER,GK,Hoffenheim,24-137,2000,5,5,450,5.0,0,0,0,0,0,0,0,0,0.0,0.0,0.0,0.0,0,0,0,0.00,0.00,Matches
Maximilian Philipp,de GER,"MF,FW",Freiburg,31-044,1994,2,0,17,0.2,0,0,0,0,0,0,0,0,0.0,0.0,0.0,0.0,0,0,0,0.00,0.22,Matches
Amos Pieper,de GER,DF,Werder Bremen,27-087,1998,18,11,1056,11.7,0,0,0,0,0,0,1,0,0.3,0.3,0.5,0.8,6,43,1,0.00,0.07,Matches
Alexander Prass,at AUT,DF,Hoffenheim,23-323,2001,22,18,1521,16.9,0,1,1,0,0,0,1,0,0.9,0.9,2.8,3.6,28,63,65,0.06,0.22,Matches
David Preu,de GER,MF,Union Berlin,20-170,2004,1,0,13,0.1,0,0,0,0,0,0,1,0,0.0,0.0,0.0,0.0,0,1,0,0.00,0.00,Matches
Grischa Prömel,de GER,MF,Hoffenheim,30-095,1995,2,2,174,1.9,0,0,0,0,0,0,0,0,0.0,0.0,0.0,0.0,2,5,3,0.00,0.00,Matches
Péter Gulácsi,hu HUN,GK,RB Leipzig,34-343,1990,27,27,2385,26.5,0,0,0,0,0,0,0,0,0.0,0.0,0.0,0.0,0,0,0,0.00,0.00,Matches
Robert Gumny,pl POL,DF,Augsburg,26-314,1998,4,1,147,1.6,0,0,0,0,0,0,2,0,0.2,0.2,0.4,0.5,3,6,6,0.00,0.33,Matches
Janik Haberer,de GER,"MF,DF",Union Berlin,31-012,1994,23,16,1291,14.3,0,0,0,0,0,0,0,0,0.7,0.7,0.4,1.1,8,51,17,0.00,0.08,Matches
Amadou Haidara,ml MLI,MF,RB Leipzig,27-073,1998,25,15,1202,13.4,0,1,1,0,0,0,7,0,1.1,1.1,0.8,1.9,6,59,20,0.07,0.14,Matches
Ramon Hendriks,nl NED,DF,Stuttgart,23-270,2001,22,9,1044,11.6,0,1,1,0,0,0,2,0,0.6,0.6,1.0,1.6,8,33,22,0.09,0.14,Matches
Paul Hennrich,de GER,MF,Hoffenheim,20-039,2005,1,0,12,0.1,0,0,0,0,0,0,0,0,0.0,0.0,0.0,0.0,1,0,0,0.00,0.00,Matches
Benjamin Henrichs,de GER,DF,RB Leipzig,28-050,1997,15,10,935,10.4,0,2,2,0,0,0,3,0,0.5,0.4,1.4,1.8,9,29,55,0.19,0.18,Matches
Mario Hermoso,es ESP,DF,Leverkusen,29-300,1995,4,3,293,3.3,0,0,0,0,0,0,0,0,0.4,0.4,0.2,0.6,2,20,3,0.00,0.17,Matches
Ivan Prtajin,hr CRO,FW,Union Berlin,28-335,1996,5,2,161,1.8,0,0,0,0,0,0,0,0,0.5,0.5,0.1,0.7,1,1,17,0.00,0.37,Matches
Tymoteusz Puchacz,pl POL,DF,Holstein Kiel,26-081,1999,10,5,396,4.4,0,1,1,0,0,0,0,0,0.1,0.1,0.6,0.7,13,8,30,0.23,0.16,Matches
Grant Ranos,am ARM,FW,Gladbach,21-268,2003,2,0,20,0.2,0,0,0,0,0,0,1,0,0.0,0.0,0.0,0.0,1,1,2,0.00,0.00,Matches
Nicolai Remberg,de GER,MF,Holstein Kiel,24-299,2000,28,22,2057,22.9,0,1,1,0,0,0,9,0,1.3,1.3,0.4,1.7,21,72,31,0.04,0.07,Matches
Mads Roerslev,dk DEN,DF,Wolfsburg,25-294,1999,5,2,253,2.8,0,0,0,0,0,0,0,0,0.0,0.0,0.0,0.0,6,12,17,0.00,0.02,Matches
Merlin Röhl,de GER,"MF,FW",Freiburg,22-283,2002,16,11,912,10.1,0,1,1,0,0,0,2,0,0.8,0.8,1.6,2.4,19,22,57,0.10,0.24,Matches
Max Rosenfelder,de GER,DF,Freiburg,22-063,2003,20,9,961,10.7,0,0,0,0,0,0,1,0,0.1,0.1,0.6,0.7,15,25,6,0.00,0.07,Matches
Benedikt Gimber,de GER,DF,Heidenheim,28-054,1997,27,27,2266,25.2,0,0,0,0,0,0,8,0,0.7,0.7,0.3,1.0,7,40,5,0.00,0.04,Matches
Tidiam Gomis,fr FRA,"MF,DF",RB Leipzig,18-249,2006,4,0,66,0.7,0,1,1,0,0,0,1,0,0.1,0.1,0.3,0.4,2,2,8,1.36,0.57,Matches
Robin Gosens,de GER,DF,Union Berlin,30-283,1994,1,1,90,1.0,0,0,0,0,0,0,1,0,0.0,0.0,0.1,0.2,1,4,5,0.00,0.15,Matches
Kamil Grabara,pl POL,GK,Wolfsburg,26-096,1999,24,24,2135,23.7,0,0,0,0,0,0,2,0,0.0,0.0,0.0,0.0,0,2,0,0.00,0.00,Matches
Florian Grillitsch,at AUT,MF,Hoffenheim,29-250,1995,8,8,601,6.7,0,0,0,0,0,0,1,0,0.2,0.2,0.2,0.3,4,44,4,0.00,0.05,Matches
Pascal Groß,de GER,"MF,DF",Dortmund,33-303,1991,27,25,2075,23.1,0,6,6,0,0,0,4,1,2.3,2.3,4.0,6.3,36,162,112,0.26,0.27,Matches
Jérôme Roussillon,fr FRA,"DF,MF",Union Berlin,32-098,1993,7,1,136,1.5,0,0,0,0,0,0,0,0,0.1,0.1,0.0,0.1,2,11,7,0.00,0.06,Matches
Frederik Rønnow,dk DEN,GK,Union Berlin,32-253,1992,24,24,2160,24.0,0,0,0,0,0,0,2,0,0.1,0.1,0.0,0.1,0,1,0,0.00,0.00,Matches
Marcel Sabitzer,at AUT,"MF,FW",Dortmund,31-028,1994,23,17,1472,16.4,0,0,0,0,0,0,2,0,1.6,1.6,1.1,2.7,20,90,64,0.00,0.16,Matches
Faik Sakar,de GER,MF,RB Leipzig,17-090,2008,1,0,1,0.0,0,0,0,0,0,0,0,0,0.0,0.0,0.0,0.0,0,0,0,0.00,0.00,Matches
Roland Sallai,hu HUN,"FW,MF",Freiburg,27-327,1997,2,0,46,0.5,0,0,0,0,0,0,0,0,0.1,0.1,0.1,0.2,4,3,2,0.00,0.41,Matches
Diadie Samassékou,ml MLI,MF,Hoffenheim,29-093,1996,8,6,290,3.2,0,0,0,0,0,0,0,0,0.1,0.1,0.0,0.1,3,11,2,0.00,0.02,Matches
James Sands,us USA,"MF,DF",St. Pauli,24-282,2000,7,5,453,5.0,0,0,0,0,0,0,1,0,0.1,0.1,0.0,0.1,0,16,6,0.00,0.01,Matches
Kaishu Sano,jp JPN,MF,Mainz 05,24-105,2000,29,29,2593,28.8,0,0,0,0,0,0,3,0,0.8,0.8,0.8,1.6,40,141,43,0.00,0.05,Matches
Kauã Santos,br BRA,GK,Eint Frankfurt,22-003,2003,9,8,765,8.5,0,0,0,0,0,0,0,0,0.0,0.0,0.0,0.0,0,1,0,0.00,0.00,Matches
Joe Scally,us USA,DF,Gladbach,22-104,2002,27,27,2260,25.1,0,0,0,0,0,0,5,0,0.4,0.4,1.0,1.4,46,60,56,0.00,0.06,Matches
Jonas Föhrenbach,de GER,DF,Heidenheim,29-078,1996,24,22,1815,20.2,0,1,1,0,0,0,3,0,0.3,0.3,1.3,1.5,36,59,49,0.05,0.08,Matches
Marco Friedl,at AUT,DF,Werder Bremen,27-029,1998,21,20,1711,19.0,0,0,0,0,0,0,8,2,0.2,0.2,0.2,0.5,4,57,0,0.00,0.02,Matches
Marvin Friedrich,de GER,DF,Gladbach,29-122,1995,21,9,968,10.8,0,1,1,0,0,0,0,0,0.4,0.4,0.6,1.1,11,35,3,0.09,0.10,Matches
Viggo Gebel,de GER,MF,RB Leipzig,17-143,2007,1,0,14,0.2,0,0,0,0,0,0,0,0,0.0,0.0,0.0,0.0,0,0,3,0.00,0.00,Matches
Dennis Geiger,de GER,"MF,FW",Hoffenheim,26-308,1998,16,5,537,6.0,0,0,0,0,0,0,4,0,0.1,0.1,0.4,0.4,10,27,14,0.00,0.07,Matches
Stefan Schimmer,de GER,"FW,MF",Heidenheim,30-351,1994,13,0,247,2.7,0,0,0,0,0,0,1,0,1.1,1.1,0.3,1.3,0,3,15,0.00,0.48,Matches
Xaver Schlager,at AUT,MF,RB Leipzig,27-198,1997,4,2,181,2.0,0,0,0,0,0,0,1,0,0.1,0.1,0.7,0.8,5,6,2,0.00,0.38,Matches
Nico Schlotterbeck,de GER,DF,Dortmund,25-134,1999,23,23,1982,22.0,0,4,4,0,0,0,7,2,1.3,1.3,2.1,3.4,37,195,14,0.18,0.15,Matches
Marvin Schulz,de GER,"MF,DF",Holstein Kiel,30-089,1995,11,3,289,3.2,0,0,0,0,0,0,3,0,0.0,0.0,0.7,0.7,4,10,2,0.00,0.22,Matches
Alexander Schwolow,de GER,GK,Union Berlin,32-316,1992,5,5,450,5.0,0,0,0,0,0,0,0,0,0.0,0.0,0.0,0.0,0,0,0,0.00,0.00,Matches
Nicolas Seiwald,at AUT,"MF,DF",RB Leipzig,23-345,2001,25,15,1639,18.2,0,0,0,0,0,0,2,0,0.1,0.1,1.0,1.2,15,117,21,0.00,0.06,Matches
Tim Siersleben,de GER,DF,Heidenheim,25-036,2000,12,10,822,9.1,0,0,0,0,0,0,4,0,0.5,0.5,0.4,0.9,6,19,6,0.00,0.10,Matches
Niklas Dorsch,de GER,MF,Augsburg,27-089,1998,1,0,32,0.4,0,0,0,0,0,0,0,0,0.0,0.0,0.0,0.0,1,1,0,0.00,0.00,Matches
Patrick Drewes,de GER,GK,Bochum,32-069,1993,21,21,1890,21.0,0,0,0,0,0,0,2,0,0.0,0.0,0.0,0.0,0,0,0,0.00,0.00,Matches
Tim Drexler,de GER,DF,Hoffenheim,20-039,2005,8,5,357,4.0,0,0,0,0,0,0,2,0,0.1,0.1,0.0,0.1,2,16,2,0.00,0.02,Matches
Julien Duranville,be BEL,"FW,MF",Dortmund,18-344,2006,10,2,262,2.9,0,0,0,0,0,0,3,0,0.1,0.1,0.3,0.4,14,7,32,0.00,0.14,Matches
Adam Dźwigała,pl POL,"DF,MF",St. Pauli,29-201,1995,14,2,314,3.5,0,0,0,0,0,0,2,1,0.4,0.4,0.0,0.4,1,12,4,0.00,0.11,Matches
Elif Elmas,mk MKD,MF,RB Leipzig,25-202,1999,2,0,44,0.5,0,0,0,0,0,0,1,0,0.3,0.3,0.0,0.3,0,2,2,0.00,0.70,Matches
Arne Engels,be BEL,"MF,FW",Augsburg,21-218,2003,1,1,79,0.9,0,0,0,0,0,0,1,0,0.4,0.4,0.0,0.4,1,1,5,0.00,0.45,Matches
Yan Couto,br BRA,"DF,FW",Dortmund,22-315,2002,18,7,817,9.1,0,0,0,0,0,0,5,0,0.2,0.2,0.9,1.1,43,62,77,0.00,0.12,Matches
Finn Dahmen,de GER,GK,Augsburg,27-018,1998,14,14,1260,14.0,0,0,0,0,0,0,0,0,0.0,0.0,0.0,0.0,0,2,0,0.00,0.00,Matches
Thomas Dähne,de GER,GK,Holstein Kiel,31-100,1994,4,4,360,4.0,0,0,0,0,0,0,0,0,0.0,0.0,0.0,0.0,0,0,0,0.00,0.00,Matches
Ameen Al-Dakhil,be BEL,DF,Stuttgart,23-039,2002,7,6,432,4.8,0,0,0,0,0,0,0,1,0.1,0.1,0.2,0.2,1,12,0,0.00,0.05,Matches
Olivier Deman,be BEL,DF,Werder Bremen,25-008,2000,9,0,67,0.7,0,0,0,0,0,0,1,0,0.0,0.0,0.1,0.1,2,4,1,0.00,0.15,Matches
Eric Dier,eng ENG,DF,Bayern Munich,31-089,1994,16,11,1018,11.3,0,1,1,0,0,0,0,0,0.8,0.8,0.1,0.8,9,54,1,0.09,0.07,Matches
Junior Dina Ebimbe,fr FRA,"MF,FW",Eint Frankfurt,24-144,2000,7,3,293,3.3,0,1,1,0,0,0,0,0,0.9,0.9,0.9,1.8,5,3,27,0.31,0.56,Matches
Eren Dinkçi,de GER,"MF,FW",Freiburg,23-122,2001,23,13,1196,13.3,0,3,3,0,0,0,1,0,1.1,1.1,2.2,3.3,33,35,71,0.23,0.25,Matches
Mohamed Simakan,fr FRA,DF,RB Leipzig,24-346,2000,1,1,54,0.6,0,0,0,0,0,0,0,0,0.0,0.0,0.3,0.3,3,7,4,0.00,0.46,Matches
Tobias Sippel,de GER,GK,Gladbach,37-023,1988,1,0,59,0.7,0,0,0,0,0,0,0,0,0.0,0.0,0.0,0.0,0,0,0,0.00,0.00,Matches
Tim Skarke,de GER,"FW,MF",Union Berlin,28-219,1996,28,10,1023,11.4,0,2,2,0,0,0,1,0,2.1,2.1,1.2,3.3,24,21,87,0.18,0.29,Matches
Ellyes Skhiri,tn TUN,MF,Eint Frankfurt,29-339,1995,25,21,1811,20.1,0,2,2,0,0,0,6,0,0.8,0.8,1.2,2.0,14,90,25,0.10,0.10,Matches
Leo Skiri Østigård,no NOR,DF,Hoffenheim,25-137,1999,7,7,567,6.3,0,0,0,0,0,0,0,1,0.2,0.2,0.0,0.3,0,28,0,0.00,0.04,Matches
Tiago Cardoso,lu LUX,GK,Gladbach,19-007,2006,5,4,380,4.2,0,0,0,0,0,0,0,0,0.0,0.0,0.0,0.0,0,0,0,0.00,0.00,Matches
Abdoulie Ceesay,gm GAM,FW,St. Pauli,21-099,2004,7,0,60,0.7,0,0,0,0,0,0,1,0,0.0,0.0,0.0,0.0,0,0,8,0.00,0.03,Matches
El Chadaille Bitshiabu,fr FRA,DF,RB Leipzig,19-333,2005,17,9,811,9.0,0,0,0,0,0,0,2,0,0.3,0.3,0.4,0.6,3,49,2,0.00,0.07,Matches
Timothy Chandler,us USA,DF,Eint Frankfurt,35-016,1990,2,0,19,0.2,0,0,0,0,0,0,0,0,0.0,0.0,0.0,0.0,1,1,2,0.00,0.00,Matches
Anrie Chase,jp JPN,DF,Stuttgart,21-021,2004,12,7,734,8.2,0,0,0,0,0,0,1,0,0.1,0.1,0.0,0.1,6,28,2,0.00,0.02,Matches
Arthur Chaves,br BRA,DF,Hoffenheim,24-075,2001,21,19,1735,19.3,0,0,0,0,0,0,7,0,0.5,0.5,0.1,0.6,7,48,12,0.00,0.03,Matches
Fabio Chiarodia,it ITA,DF,Gladbach,19-313,2005,13,0,143,1.6,0,0,0,0,0,0,0,0,0.0,0.0,0.0,0.0,0,3,0,0.00,0.00,Matches
Danny da Costa,de GER,DF,Mainz 05,31-275,1993,20,20,1621,18.0,0,1,1,0,0,0,0,0,0.1,0.1,0.5,0.6,16,90,18,0.06,0.03,Matches
Josip Stanišić,hr CRO,DF,Bayern Munich,25-012,2000,9,4,455,5.1,0,2,2,0,0,0,0,0,0.2,0.2,1.2,1.4,17,41,28,0.40,0.28,Matches
Niklas Stark,de GER,DF,Werder Bremen,30-000,1995,21,20,1656,18.4,0,1,1,0,0,0,4,1,0.5,0.5,0.1,0.6,6,50,3,0.05,0.03,Matches
Pascal Stenzel,de GER,DF,Stuttgart,29-025,1996,6,2,139,1.5,0,0,0,0,0,0,0,0,0.1,0.1,0.0,0.1,1,6,6,0.00,0.08,Matches
Finley Stevens,wls WAL,DF,St. Pauli,22-004,2003,1,0,1,0.0,0,0,0,0,0,0,0,0,0.0,0.0,0.0,0.0,0,0,0,0.00,0.00,Matches
Niklas Süle,de GER,DF,Dortmund,29-223,1995,10,7,643,7.1,0,0,0,0,0,0,1,0,0.5,0.5,0.0,0.5,6,35,6,0.00,0.07,Matches
Daniel Svensson,se SWE,"DF,FW",Dortmund,23-061,2002,7,3,331,3.7,0,0,0,0,0,0,0,0,0.1,0.1,0.2,0.2,5,19,15,0.00,0.06,Matches
Edmond Tapsoba,bf BFA,DF,Leverkusen,26-071,1999,24,24,2093,23.3,0,0,0,0,0,0,4,0,1.1,1.1,0.2,1.3,46,145,16,0.00,0.06,Matches
Mathys Tel,fr FRA,"FW,MF",Bayern Munich,19-352,2005,8,2,256,2.8,0,1,1,0,0,0,0,0,0.7,0.7,0.3,1.0,6,9,34,0.35,0.36,Matches
Tim Breithaupt,de GER,MF,Augsburg,23-066,2002,2,2,120,1.3,0,1,1,0,0,0,0,0,0.1,0.1,0.4,0.4,1,10,1,0.75,0.33,Matches
Marnon Busch,de GER,"DF,MF",Heidenheim,30-127,1994,19,12,1136,12.6,0,1,1,0,0,0,0,0,0.4,0.4,1.1,1.5,19,53,40,0.08,0.12,Matches
Cole Campbell,us USA,"MF,FW",Dortmund,19-053,2006,4,0,22,0.2,0,0,0,0,0,0,0,0,0.0,0.0,0.0,0.0,1,0,1,0.00,0.00,Matches
Arthur Theate,be BEL,DF,Eint Frankfurt,24-324,2000,26,26,2299,25.5,0,0,0,0,0,0,5,1,1.9,1.9,0.6,2.5,43,137,23,0.00,0.10,Matches
Norman Theuerkauf,de GER,MF,Heidenheim,38-080,1987,1,0,22,0.2,0,0,0,0,0,0,0,0,0.0,0.0,0.0,0.0,0,2,0,0.00,0.14,Matches
Denis Thomalla,de GER,MF,Heidenheim,32-241,1992,1,0,4,0.0,0,0,0,0,0,0,0,0,0.0,0.0,0.0,0.0,0,0,0,0.00,0.00,Matches
Umut Tohumcu,de GER,"MF,FW",Hoffenheim,20-246,2004,10,3,346,3.8,0,1,1,0,0,0,2,0,0.1,0.1,0.2,0.3,2,13,5,0.26,0.08,Matches
John Tolkin,us USA,"DF,FW",Holstein Kiel,22-257,2002,6,4,358,4.0,0,1,1,0,0,0,0,0,0.0,0.0,0.4,0.4,6,10,7,0.25,0.10,Matches
Bazoumana Touré,ci CIV,"FW,DF",Hoffenheim,19-043,2006,8,3,278,3.1,0,3,3,0,0,0,1,0,0.8,0.8,1.7,2.5,14,8,28,0.97,0.82,Matches
Lucas Tousart,fr FRA,MF,Union Berlin,27-350,1997,13,6,530,5.9,0,1,1,0,0,0,2,0,0.4,0.4,0.5,0.8,4,18,13,0.17,0.14,Matches
Omar Traoré,de GER,"DF,FW",Heidenheim,27-069,1998,25,25,2174,24.2,0,1,1,0,0,0,6,0,0.4,0.4,1.5,1.9,87,101,100,0.04,0.08,Matches
Kevin Trapp,de GER,GK,Eint Frankfurt,34-280,1990,21,21,1845,20.5,0,0,0,0,0,0,0,0,0.0,0.0,0.0,0.0,0,0,0,0.00,0.00,Matches
Philipp Treu,de GER,"MF,DF",St. Pauli,24-132,2000,28,28,2463,27.4,0,2,2,0,0,0,2,0,1.1,1.1,2.4,3.5,52,94,108,0.07,0.13,Matches
Christopher Trimmel,at AUT,"DF,MF",Union Berlin,38-049,1987,21,16,1397,15.5,0,1,1,0,0,0,5,0,0.2,0.2,1.4,1.6,14,61,35,0.06,0.10,Matches
Sven Ulreich,de GER,GK,Bayern Munich,36-254,1988,1,1,90,1.0,0,0,0,0,0,0,0,0,0.0,0.0,0.0,0.0,0,0,0,0.00,0.00,Matches
Stefan Bell,de GER,DF,Mainz 05,33-233,1991,15,13,1178,13.1,0,1,1,0,0,0,3,0,0.6,0.6,1.0,1.6,7,26,4,0.08,0.12,Matches
Jeanuël Belocian,fr FRA,"DF,MF",Leverkusen,20-056,2005,5,1,68,0.8,0,0,0,0,0,0,1,0,0.0,0.0,0.0,0.0,0,3,1,0.00,0.00,Matches
Mergim Berisha,de GER,FW,Augsburg,26-338,1998,1,0,10,0.1,0,0,0,0,0,0,0,0,0.1,0.1,0.0,0.1,1,0,4,0.00,0.62,Matches
Bernardo,br BRA,DF,Bochum,29-335,1995,16,14,1332,14.8,0,0,0,0,0,0,5,0,0.7,0.7,0.7,1.4,13,75,10,0.00,0.09,Matches
Jan-Niklas Beste,de GER,"FW,MF",Freiburg,26-100,1999,9,0,160,1.8,0,1,1,0,0,0,0,0,0.9,0.9,0.4,1.3,4,6,18,0.56,0.70,Matches
Sacha Boey,fr FRA,DF,Bayern Munich,24-213,2000,9,5,419,4.7,0,1,1,0,0,0,1,0,0.1,0.1,1.0,1.0,16,28,51,0.21,0.22,Matches
Jonas Urbig,de GER,GK,Bayern Munich,21-249,2003,5,5,450,5.0,0,0,0,0,0,0,0,0,0.0,0.0,0.0,0.0,0,3,0,0.00,0.00,Matches
Maarten Vandevoordt,be BEL,GK,RB Leipzig,23-047,2002,3,2,225,2.5,0,0,0,0,0,0,0,0,0.0,0.0,0.0,0.0,0,1,0,0.00,0.00,Matches
Ruben Vargas,ch SUI,"MF,FW",Augsburg,26-252,1998,8,3,305,3.4,0,0,0,0,0,0,3,0,0.7,0.7,0.7,1.4,9,13,24,0.00,0.40,Matches
Nikola Vasilj,ba BIH,GK,St. Pauli,29-133,1995,29,29,2610,29.0,0,0,0,0,0,0,0,0,0.0,0.0,0.0,0.0,0,0,0,0.00,0.00,Matches
Miloš Veljković,rs SRB,DF,Werder Bremen,29-200,1995,14,11,1029,11.4,0,1,1,0,0,0,1,0,0.6,0.6,0.2,0.7,9,64,2,0.09,0.06,Matches
Nikolas Veratschnig,at AUT,"DF,MF",Mainz 05,22-080,2003,10,1,179,2.0,0,0,0,0,0,0,0,0,0.2,0.2,0.2,0.4,4,5,18,0.00,0.20,Matches
Arthur Vermeeren,be BEL,MF,RB Leipzig,20-066,2005,23,15,1306,14.5,0,2,2,0,0,0,5,0,0.2,0.2,0.7,0.9,9,58,15,0.14,0.06,Matches
Gabriel Vidovic,hr CRO,MF,Bayern Munich,21-134,2003,1,0,1,0.0,0,0,0,0,0,0,0,0,0.0,0.0,0.0,0.0,0,0,0,0.00,0.00,Matches
Gabriel Vidovic,hr CRO,MF,Mainz 05,21-134,2003,1,0,4,0.0,0,0,0,0,0,0,0,0,0.1,0.1,0.0,0.1,0,0,2,0.00,1.17,Matches
Aliou Badara Baldé,gn GUI,"MF,FW",Bochum,22-123,2002,5,0,91,1.0,0,0,0,0,0,0,1,0,0.2,0.2,0.2,0.4,2,1,5,0.00,0.35,Matches
Samuel Bamba,de GER,"FW,DF",Bochum,21-060,2004,4,0,14,0.2,0,0,0,0,0,0,0,0,0.1,0.1,0.0,0.1,2,1,6,0.00,0.62,Matches
Noahkai Banks,us USA,DF,Augsburg,18-134,2006,8,2,278,3.1,0,0,0,0,0,0,2,0,0.1,0.1,0.0,0.1,2,8,3,0.00,0.02,Matches
Scott Banks,sct SCO,"FW,MF",St. Pauli,23-200,2001,11,0,101,1.1,0,0,0,0,0,0,1,0,0.3,0.3,0.0,0.3,3,1,8,0.00,0.25,Matches
Aymen Barkok,ma MAR,MF,Mainz 05,26-328,1998,4,0,73,0.8,0,0,0,0,0,0,0,0,0.0,0.0,0.1,0.1,2,5,6,0.00,0.17,Matches
Maximilian Bauer,de GER,DF,Augsburg,25-064,2000,11,8,658,7.3,0,0,0,0,0,0,1,0,0.2,0.2,0.1,0.3,4,30,7,0.00,0.04,Matches
Oliver Baumann,de GER,GK,Hoffenheim,34-316,1990,24,24,2160,24.0,0,0,0,0,0,0,1,0,0.0,0.0,0.8,0.8,0,1,0,0.00,0.03,Matches
Timo Becker,de GER,DF,Holstein Kiel,28-020,1997,25,23,1998,22.2,0,2,2,0,0,0,2,0,1.2,1.2,0.8,2.1,26,48,35,0.09,0.09,Matches
Hannes Behrens,de GER,DF,Hoffenheim,,,1,0,29,0.3,0,0,0,0,0,0,0,0,0.0,0.0,0.0,0.0,0,1,7,0.00,0.00,Matches
Kevin Volland,de GER,"FW,MF",Union Berlin,32-258,1992,3,0,53,0.6,0,0,0,0,0,0,1,0,0.0,0.0,0.0,0.0,0,1,4,0.00,0.00,Matches
Aster Vranckx,be BEL,MF,Wolfsburg,22-192,2002,12,4,421,4.7,0,0,0,0,0,0,1,0,0.0,0.0,0.0,0.0,5,16,6,0.00,0.01,Matches
Robert Wagner,de GER,MF,St. Pauli,21-274,2003,8,5,364,4.0,0,0,0,0,0,0,1,0,0.1,0.1,0.0,0.1,1,8,9,0.00,0.03,Matches
Elye Wahi,fr FRA,"FW,MF",Eint Frankfurt,22-102,2003,6,1,178,2.0,0,0,0,0,0,0,1,0,1.1,1.1,0.1,1.2,3,5,17,0.00,0.62,Matches
Hauke Wahl,de GER,DF,St. Pauli,30-364,1994,28,28,2520,28.0,0,0,0,0,0,0,1,0,0.7,0.7,0.5,1.2,27,123,9,0.00,0.04,Matches
Kjell-Arik Wätjen,de GER,MF,Dortmund,19-057,2006,2,0,16,0.2,0,0,0,0,0,0,0,0,0.0,0.0,0.0,0.0,0,0,0,0.00,0.00,Matches
Julian Weigl,de GER,MF,Gladbach,29-218,1995,28,28,2457,27.3,0,2,2,0,0,0,7,0,0.7,0.7,1.1,1.8,10,100,9,0.07,0.06,Matches
Timon Weiner,de GER,GK,Holstein Kiel,26-086,1999,25,25,2250,25.0,0,0,0,0,0,0,4,0,0.0,0.0,0.0,0.0,0,0,0,0.00,0.00,Matches
Noah Weißhaupt,de GER,FW,Freiburg,23-206,2001,3,0,80,0.9,0,0,0,0,0,0,0,0,0.0,0.0,0.0,0.0,8,6,10,0.00,0.05,Matches
Silvan Widmer,ch SUI,DF,Mainz 05,32-040,1993,22,3,399,4.4,0,1,1,0,0,0,3,0,0.1,0.1,0.4,0.5,2,17,32,0.23,0.10,Matches
